CREATE DATABASE  IF NOT EXISTS `fpteventmanagement` /*!40100 DEFAULT CHARACTER SET utf8mb4 COLLATE utf8mb4_unicode_ci */ /*!80016 DEFAULT ENCRYPTION='N' */;
USE `fpteventmanagement`;
-- MySQL dump 10.13  Distrib 8.0.45, for Win64 (x86_64)
--
-- Host: localhost    Database: fpteventmanagement
-- ------------------------------------------------------
-- Server version	8.0.45

/*!40101 SET @OLD_CHARACTER_SET_CLIENT=@@CHARACTER_SET_CLIENT */;
/*!40101 SET @OLD_CHARACTER_SET_RESULTS=@@CHARACTER_SET_RESULTS */;
/*!40101 SET @OLD_COLLATION_CONNECTION=@@COLLATION_CONNECTION */;
/*!50503 SET NAMES utf8 */;
/*!40103 SET @OLD_TIME_ZONE=@@TIME_ZONE */;
/*!40103 SET TIME_ZONE='+00:00' */;
/*!40014 SET @OLD_UNIQUE_CHECKS=@@UNIQUE_CHECKS, UNIQUE_CHECKS=0 */;
/*!40014 SET @OLD_FOREIGN_KEY_CHECKS=@@FOREIGN_KEY_CHECKS, FOREIGN_KEY_CHECKS=0 */;
/*!40101 SET @OLD_SQL_MODE=@@SQL_MODE, SQL_MODE='NO_AUTO_VALUE_ON_ZERO' */;
/*!40111 SET @OLD_SQL_NOTES=@@SQL_NOTES, SQL_NOTES=0 */;

--
-- Table structure for table `bill`
--

DROP TABLE IF EXISTS `bill`;
/*!40101 SET @saved_cs_client     = @@character_set_client */;
/*!50503 SET character_set_client = utf8mb4 */;
CREATE TABLE `bill` (
  `bill_id` int NOT NULL AUTO_INCREMENT,
  `user_id` int NOT NULL,
  `total_amount` decimal(18,2) NOT NULL,
  `currency` varchar(10) COLLATE utf8mb4_unicode_ci DEFAULT 'VND',
  `payment_method` varchar(50) COLLATE utf8mb4_unicode_ci DEFAULT NULL,
  `payment_status` enum('PENDING','PAID','FAILED','REFUNDED') COLLATE utf8mb4_unicode_ci DEFAULT 'PENDING',
  `created_at` datetime(6) DEFAULT CURRENT_TIMESTAMP(6),
  `paid_at` datetime DEFAULT NULL,
  PRIMARY KEY (`bill_id`),
  KEY `FK_Bill_User` (`user_id`),
  CONSTRAINT `FK_Bill_User` FOREIGN KEY (`user_id`) REFERENCES `users` (`user_id`)
) ENGINE=InnoDB AUTO_INCREMENT=130 DEFAULT CHARSET=utf8mb4 COLLATE=utf8mb4_unicode_ci;
/*!40101 SET character_set_client = @saved_cs_client */;

--
-- Dumping data for table `bill`
--

LOCK TABLES `bill` WRITE;
/*!40000 ALTER TABLE `bill` DISABLE KEYS */;
INSERT INTO `bill` VALUES (34,7,100000.00,'VND','VNPAY','PAID','2025-12-11 09:02:10.976000',NULL),(38,7,20000.00,'VND','VNPAY','PAID','2025-12-11 09:27:07.739000',NULL),(39,1,10000.00,'VND','VNPAY','PAID','2025-12-11 10:08:16.918000',NULL),(40,7,20000.00,'VND','VNPAY','PAID','2025-12-11 12:41:44.271000',NULL),(41,7,10000.00,'VND','VNPAY','PAID','2025-12-11 12:50:43.930000',NULL),(42,7,30000.00,'VND','VNPAY','PAID','2025-12-11 23:07:46.716000',NULL),(43,7,30000.00,'VND','VNPAY','PAID','2025-12-12 08:25:45.317000',NULL),(44,7,20000.00,'VND','VNPAY','PAID','2025-12-12 10:09:36.933000',NULL),(45,7,200000.00,'VND','VNPAY','PAID','2025-12-12 13:25:19.605000',NULL),(46,7,200000.00,'VND','VNPAY','PAID','2025-12-13 20:47:03.436000',NULL),(47,7,30000.00,'VND','VNPAY','PAID','2025-12-15 10:11:31.182000',NULL),(48,7,30000.00,'VND','VNPAY','PAID','2025-12-16 09:45:22.811000',NULL),(49,7,200000.00,'VND','VNPAY','PAID','2025-12-16 09:49:56.420000',NULL),(50,7,100000.00,'VND','VNPAY','PAID','2025-12-17 08:23:11.427000',NULL),(51,7,20000.00,'VND','VNPAY','PAID','2025-12-18 21:34:26.345000',NULL),(52,7,35000.00,'VND','VNPAY','PAID','2025-12-20 19:13:33.865000',NULL),(53,7,50000.00,'VND','VNPAY','PAID','2025-12-20 19:24:22.924000',NULL),(54,7,55000.00,'VND','VNPAY','PAID','2025-12-20 20:12:59.209000',NULL),(55,7,190000.00,'VND','VNPAY','PAID','2025-12-21 21:07:10.872000',NULL),(56,7,110000.00,'VND','VNPAY','PAID','2026-01-01 13:19:29.917000',NULL),(61,10,140000.00,'VND','VNPAY','PAID','2025-12-22 00:06:10.585000',NULL),(62,10,340000.00,'VND','VNPAY','PAID','2025-12-22 00:07:26.140000',NULL),(63,7,340000.00,'VND','VNPAY','PAID','2025-12-22 07:07:55.200000',NULL),(64,7,140000.00,'VND','VNPAY','PAID','2025-12-22 07:13:07.698000',NULL),(65,7,140000.00,'VND','VNPAY','PAID','2025-12-22 07:18:41.574000',NULL),(66,7,200000.00,'VND','VNPAY','PAID','2025-12-22 08:35:46.616000',NULL),(67,7,6000000.00,'VND','VNPAY','PAID','2025-12-22 09:37:35.037000',NULL),(68,7,6000000.00,'VND','VNPAY','PAID','2025-12-22 09:38:38.734000',NULL),(74,11,250000.00,'VND','VNPAY','PAID','2026-01-31 16:46:28.000000',NULL),(77,1,50000000.00,'VND','VNPAY','PAID','2026-02-01 01:21:52.000000',NULL),(79,11,25000000.00,'VND','VNPAY','PAID','2026-02-04 11:21:34.000000',NULL),(80,11,25000000.00,'VND','VNPAY','PAID','2026-02-04 11:41:18.000000',NULL),(81,11,25000000.00,'VND','VNPAY','PAID','2026-02-04 13:10:09.000000',NULL),(82,11,25000000.00,'VND','VNPAY','PAID','2026-02-04 14:20:20.000000',NULL),(83,11,15000000.00,'VND','VNPAY','PAID','2026-02-04 15:07:22.000000',NULL),(84,11,15000000.00,'VND','VNPAY','PAID','2026-02-04 15:34:40.000000',NULL),(85,11,15000000.00,'VND','VNPAY','PAID','2026-02-04 15:50:28.000000',NULL),(86,11,15000000.00,'VND','VNPAY','PAID','2026-02-04 15:58:58.000000',NULL),(87,11,15000000.00,'VND','VNPAY','PAID','2026-02-04 16:05:11.000000',NULL),(88,22,15000000.00,'VND','VNPAY','PAID','2026-02-04 16:21:24.000000',NULL),(89,22,15000000.00,'VND','VNPAY','PAID','2026-02-04 16:32:29.000000',NULL),(90,22,15000000.00,'VND','VNPAY','PAID','2026-02-04 16:38:55.000000',NULL),(91,22,15000000.00,'VND','VNPAY','PAID','2026-02-04 16:50:29.000000',NULL),(92,22,15000000.00,'VND','VNPAY','PAID','2026-02-04 16:52:13.000000',NULL),(93,22,25000000.00,'VND','VNPAY','PAID','2026-02-04 21:51:58.000000',NULL),(94,22,25000000.00,'VND','VNPAY','PAID','2026-02-04 21:55:02.000000',NULL),(95,22,25000000.00,'VND','VNPAY','PAID','2026-02-04 22:28:45.000000',NULL),(96,22,25000000.00,'VND','VNPAY','PAID','2026-02-05 08:53:04.000000',NULL),(97,22,25000000.00,'VND','VNPAY','PAID','2026-02-05 09:00:30.000000',NULL),(98,22,25000000.00,'VND','VNPAY','PAID','2026-02-05 09:05:01.000000',NULL),(99,22,25000000.00,'VND','VNPAY','PAID','2026-02-05 09:09:27.000000',NULL),(100,22,25000000.00,'VND','VNPAY','PAID','2026-02-05 09:18:29.000000',NULL),(101,22,25000000.00,'VND','VNPAY','PAID','2026-02-05 09:31:40.000000',NULL),(102,22,25000000.00,'VND','VNPAY','PAID','2026-02-05 09:42:06.000000',NULL),(103,22,25000000.00,'VND','VNPAY','PAID','2026-02-05 09:46:29.000000',NULL),(104,22,25000000.00,'VND','VNPAY','PAID','2026-02-05 09:53:43.000000',NULL),(105,22,15000000.00,'VND','VNPAY','PAID','2026-02-05 09:55:06.000000',NULL),(106,22,60000000.00,'VND','VNPAY','PAID','2026-02-05 10:12:40.000000',NULL),(107,22,50000000.00,'VND','VNPAY','PAID','2026-02-05 10:17:34.000000',NULL),(108,22,75000000.00,'VND','VNPAY','PAID','2026-02-05 10:23:54.000000',NULL),(109,22,25000000.00,'VND','VNPAY','PAID','2026-02-05 10:25:00.000000',NULL),(110,22,25000000.00,'VND','VNPAY','PAID','2026-02-05 10:42:47.000000',NULL),(111,11,15000000.00,'VND','VNPAY','PAID','2026-02-05 11:38:36.000000',NULL),(112,11,15000000.00,'VND','VNPAY','PAID','2026-02-05 11:53:01.000000',NULL),(113,11,15000000.00,'VND','VNPAY','PAID','2026-02-05 13:16:24.000000',NULL),(114,11,15000000.00,'VND','VNPAY','PAID','2026-02-05 13:47:19.000000',NULL),(115,11,25000000.00,'VND','VNPAY','PAID','2026-02-05 14:14:56.000000',NULL),(116,11,15000000.00,'VND','VNPAY','PAID','2026-02-05 16:08:21.000000',NULL),(117,11,15000000.00,'VND','VNPAY','PAID','2026-02-05 16:46:18.000000',NULL),(118,11,15000000.00,'VND','VNPAY','PAID','2026-02-05 16:52:58.000000',NULL),(119,11,15000000.00,'VND','VNPAY','PAID','2026-02-06 10:52:30.000000',NULL),(120,11,15000000.00,'VND','VNPAY','PAID','2026-02-06 10:58:23.000000',NULL),(121,11,15000000.00,'VND','VNPAY','PAID','2026-02-06 11:11:27.000000',NULL),(122,11,15000000.00,'VND','VNPAY','PAID','2026-02-06 12:50:52.000000',NULL),(123,11,15000000.00,'VND','VNPAY','PAID','2026-02-12 17:10:45.000000',NULL),(124,11,15000000.00,'VND','VNPAY','PAID','2026-02-12 17:22:29.000000',NULL),(125,11,150000.00,'VND','VNPAY','PAID','2026-02-12 17:47:14.000000',NULL),(126,11,800000.00,'VND','VNPAY','PAID','2026-02-25 17:26:13.000000',NULL),(127,11,50000.00,'VND','Wallet','PAID','2026-02-26 11:16:45.000000','2026-02-26 11:16:45'),(128,11,50000.00,'VND','VNPAY','PAID','2026-02-26 11:18:44.000000','2026-02-26 11:18:44'),(129,11,50000.00,'VND','Wallet','PAID','2026-02-26 12:11:55.000000','2026-02-26 12:11:55');
/*!40000 ALTER TABLE `bill` ENABLE KEYS */;
UNLOCK TABLES;

--
-- Table structure for table `category_ticket`
--

DROP TABLE IF EXISTS `category_ticket`;
/*!40101 SET @saved_cs_client     = @@character_set_client */;
/*!50503 SET character_set_client = utf8mb4 */;
CREATE TABLE `category_ticket` (
  `category_ticket_id` int NOT NULL AUTO_INCREMENT,
  `event_id` int NOT NULL,
  `name` varchar(50) COLLATE utf8mb4_unicode_ci NOT NULL,
  `description` varchar(255) COLLATE utf8mb4_unicode_ci DEFAULT NULL,
  `price` decimal(18,2) DEFAULT '0.00',
  `max_quantity` int DEFAULT NULL,
  `status` enum('AVAILABLE','UNAVAILABLE','DELETED','ACTIVE','INACTIVE') COLLATE utf8mb4_unicode_ci NOT NULL DEFAULT 'AVAILABLE',
  PRIMARY KEY (`category_ticket_id`),
  UNIQUE KEY `UQ_CategoryTicket_Event_Name` (`event_id`,`name`),
  CONSTRAINT `FK_CategoryTicket_Event` FOREIGN KEY (`event_id`) REFERENCES `event` (`event_id`),
  CONSTRAINT `category_ticket_chk_1` CHECK ((`max_quantity` > 0))
) ENGINE=InnoDB AUTO_INCREMENT=1113 DEFAULT CHARSET=utf8mb4 COLLATE=utf8mb4_unicode_ci;
/*!40101 SET character_set_client = @saved_cs_client */;

--
-- Dumping data for table `category_ticket`
--

LOCK TABLES `category_ticket` WRITE;
/*!40000 ALTER TABLE `category_ticket` DISABLE KEYS */;
INSERT INTO `category_ticket` VALUES (13,7,'VIP','VIP',100000.00,5,'ACTIVE'),(14,7,'STANDARD','Standard ',50000.00,45,'ACTIVE'),(15,8,'VIP','VIP',20000.00,30,'ACTIVE'),(16,8,'STANDARD','Standard ',10000.00,20,'ACTIVE'),(19,10,'VIP','IGHG',3999999.00,10,'ACTIVE'),(20,10,'STANDARD','FFF',12000.00,30,'ACTIVE'),(21,17,'VIP','Vé VIP bao gồm quyền ngồi hàng ghế đầu, tài liệu chuyên sâu nâng cao về xây dựng chatbot AI, voucher giảm 30% khóa học AI nâng cao, giấy chứng nhận VIP và cơ hội networking riêng với diễn giả sau sự kiện.',200000.00,30,'INACTIVE'),(22,17,'STANDARD','Tham dự workshop, nhận tài liệu cơ bản, tham gia thực hành xây dựng chatbot và nhận chứng nhận tham dự.',120000.00,30,'INACTIVE'),(23,16,'VIP','Bao gồm chỗ ngồi ưu tiên, tài liệu nâng cao về Python + AI (file PDF), 1 giờ mentoring online sau workshop, giấy chứng nhận VIP, và bộ notebook code mẫu độc quyền.',95000.00,10,'ACTIVE'),(24,16,'STANDARD','Tham dự workshop, nhận tài liệu cơ bản, tham gia thực hành viết Python và mô hình ML đơn giản, nhận chứng nhận tham dự.',50000.00,30,'ACTIVE'),(25,15,'VIP','Bao gồm quyền tham gia khu vực networking riêng với chuyên gia HR & Tech Recruiter, gói phân tích CV chi tiết, mock interview 1:1 miễn phí sau sự kiện, tài liệu hướng nghiệp nâng cao.',125000.00,10,'INACTIVE'),(26,15,'STANDARD','Tham dự hội thảo, được nghe chia sẻ từ các chuyên gia tuyển dụng, tham gia các phiên hỏi đáp, nhận bộ tài liệu \"IT Career Handbook 2026\".',100000.00,40,'INACTIVE'),(27,14,'VIP','Bao gồm chỗ ngồi ưu tiên, tài liệu Masterbook chuyên sâu, video khóa học “Art of Presentation”, 1 buổi coaching cá nhân 30 phút sau workshop, chứng nhận VIP.',30000.00,20,'INACTIVE'),(1021,1014,'VIP','Ngồi hàng đầu dễ dàng xem tranh, giao lưu với host',35000.00,40,'ACTIVE'),(1022,1014,'STANDARD','Ngồi ở vị trí xa khó quan sát được tranh',20000.00,40,'ACTIVE'),(1061,1028,'VIP','Ghế ngồi hàng đầu\nTài liệu workshop đầy đủ (PDF + source code)\nĐược hỏi đáp trực tiếp với diễn giả\nChứng nhận tham gia (Certificate)',200000.00,20,'ACTIVE'),(1062,1028,'STANDARD','Tham gia toàn bộ workshop\nTài liệu học tập cơ bản\nHỏi đáp chung cuối chương trình',140000.00,40,'ACTIVE'),(1063,1029,'VIP','Vé VIP bao gồm quyền ngồi hàng ghế đầu, tài liệu chuyên sâu nâng cao về các công nghệ mới như machine learning, và cơ hội networking riêng với diễn giả sau sự kiện.\n',1500000.00,20,'ACTIVE'),(1064,1029,'STANDARD','\nTham dự workshop, nhận tài liệu cơ bản.',100000.00,30,'ACTIVE'),(1065,1032,'VIP','Giá vé VIP\n',250000.00,30,'ACTIVE'),(1066,1032,'STANDARD','Giá vé STANDARD',150000.00,70,'ACTIVE'),(1067,1030,'VIP','Giá vé VIP\n',150000.00,100,'ACTIVE'),(1068,1030,'STANDARD','Giá vé STANDARD',50000.00,200,'ACTIVE'),(1069,1031,'VIP','VIP tickets\n',250000.00,10,'ACTIVE'),(1070,1031,'STANDARD','STANDARD tickets',150000.00,10,'ACTIVE'),(1073,1039,'STANDARD','Giá vé STANDARD',50000.00,60,'ACTIVE'),(1074,1039,'VIP','Giá vé VIP',150000.00,30,'ACTIVE'),(1101,1041,'VIP','Giá vé VIP',300000.00,50,'ACTIVE'),(1102,1041,'STANDARD','Giá vé STANDARD',99998.00,250,'ACTIVE'),(1111,1047,'STANDARD','Giá vé STANDARD',50000.00,100,'ACTIVE'),(1112,1047,'VIP','Giá vé VIP',200000.00,50,'ACTIVE');
/*!40000 ALTER TABLE `category_ticket` ENABLE KEYS */;
UNLOCK TABLES;

--
-- Table structure for table `event`
--

DROP TABLE IF EXISTS `event`;
/*!40101 SET @saved_cs_client     = @@character_set_client */;
/*!50503 SET character_set_client = utf8mb4 */;
CREATE TABLE `event` (
  `event_id` int NOT NULL AUTO_INCREMENT,
  `title` varchar(200) COLLATE utf8mb4_unicode_ci NOT NULL,
  `description` longtext COLLATE utf8mb4_unicode_ci,
  `start_time` datetime(6) NOT NULL,
  `end_time` datetime(6) NOT NULL,
  `speaker_id` int DEFAULT NULL,
  `max_seats` int DEFAULT NULL,
  `status` enum('OPEN','CLOSED','CANCELLED','UPDATING') COLLATE utf8mb4_unicode_ci NOT NULL DEFAULT 'UPDATING',
  `created_by` int DEFAULT NULL,
  `created_at` datetime(6) DEFAULT CURRENT_TIMESTAMP(6),
  `area_id` int DEFAULT NULL,
  `banner_url` varchar(500) COLLATE utf8mb4_unicode_ci DEFAULT NULL,
  `checkin_offset` int DEFAULT '60' COMMENT 'Số phút cho phép check-in trước khi bắt đầu',
  `checkout_offset` int DEFAULT '30' COMMENT 'Số phút cho phép check-out sau khi kết thúc',
  PRIMARY KEY (`event_id`),
  KEY `FK_Event_Area` (`area_id`),
  KEY `FK_Event_CreatedBy` (`created_by`),
  KEY `FK_Event_Speaker` (`speaker_id`),
  CONSTRAINT `FK_Event_Area` FOREIGN KEY (`area_id`) REFERENCES `venue_area` (`area_id`),
  CONSTRAINT `FK_Event_CreatedBy` FOREIGN KEY (`created_by`) REFERENCES `users` (`user_id`),
  CONSTRAINT `FK_Event_Speaker` FOREIGN KEY (`speaker_id`) REFERENCES `speaker` (`speaker_id`),
  CONSTRAINT `CK_Event_Time` CHECK ((`end_time` > `start_time`)),
  CONSTRAINT `event_chk_1` CHECK ((`max_seats` > 0))
) ENGINE=InnoDB AUTO_INCREMENT=1048 DEFAULT CHARSET=utf8mb4 COLLATE=utf8mb4_unicode_ci;
/*!40101 SET character_set_client = @saved_cs_client */;

--
-- Dumping data for table `event`
--

LOCK TABLES `event` WRITE;
/*!40000 ALTER TABLE `event` DISABLE KEYS */;
INSERT INTO `event` VALUES (7,'Sự kiện mừng xuân - 2026','Mừng xuân đón tết','2026-01-01 10:00:00.000000','2026-01-01 17:00:00.000000',8,50,'CLOSED',4,'2025-12-08 00:55:02.095264',1,'https://img.freepik.com/premium-vector/talk-show-banner-template_791789-63.jpg?w=2000',60,30),(8,'Buổi dạy Thư Pháp Ngày Xuân 2026','Đánh bài tiến lên','2026-01-01 18:00:00.000000','2026-01-01 22:00:00.000000',9,50,'CLOSED',4,'2025-12-08 01:18:54.179751',1,'https://img.freepik.com/premium-vector/talk-show-banner-template_791789-63.jpg?w=2000',60,30),(10,'chz','csxx','2025-12-10 08:00:00.000000','2025-12-10 10:00:00.000000',11,50,'CLOSED',4,'2025-12-09 09:34:37.743337',1,'https://oihlyoeuwpcfnoywboyg.supabase.co/storage/v1/object/public/user-uploads/1765247813727-umfdwj.jfif',60,30),(14,'Workshop “Kỹ năng Thuyết Trình Chuyên Nghiệp”','Buổi chia sẻ chuyên sâu về cách nói chuyện trước đám đông, xử lý tâm lý lo âu, và thực hành trực tiếp.','2025-12-18 08:00:00.000000','2025-12-18 10:30:00.000000',17,20,'CLOSED',4,'2025-12-11 13:44:19.506237',9,'https://oihlyoeuwpcfnoywboyg.supabase.co/storage/v1/object/public/user-uploads/1765438366693-tc8r6u.jpg',60,30),(15,'Hội Thảo Tuyển Dụng IT Career Day','Gặp gỡ doanh nghiệp công nghệ, phỏng vấn thử, chia sẻ career path.','2025-12-18 16:00:00.000000','2025-12-18 19:00:00.000000',14,70,'CLOSED',4,'2025-12-11 13:44:45.516390',7,'https://oihlyoeuwpcfnoywboyg.supabase.co/storage/v1/object/public/user-uploads/1765436238531-c6x1op.jfif',60,30),(16,'Workshop “Lập trình AI với Python dành cho người mới”','Hướng dẫn các khái niệm nền tảng về Machine Learning, thư viện NumPy, Pandas, scikit-learn, TensorFlow; thực hành dự án nhỏ.','2025-12-25 10:00:00.000000','2025-12-25 14:00:00.000000',13,40,'CLOSED',4,'2025-12-11 13:45:01.895954',6,'https://oihlyoeuwpcfnoywboyg.supabase.co/storage/v1/object/public/user-uploads/1765436086099-ap7pf.jfif',60,30),(17,'Workshop “Xây dựng ứng dụng Chatbot AI đa ngôn ngữ”','Hướng dẫn cách dùng OpenAI, Gemini, HuggingFace; tích hợp giọng nói – text – API; triển khai chatbot vào website.','2025-12-22 18:00:00.000000','2025-12-22 20:00:00.000000',12,60,'CLOSED',4,'2025-12-11 13:45:08.384691',1,'https://oihlyoeuwpcfnoywboyg.supabase.co/storage/v1/object/public/user-uploads/1765435908899-2y8hj9n.jpg',60,30),(1014,'Sự Kiện vẽ tranh 2','Vẽ tranh','2026-01-01 13:00:00.000000','2026-01-01 16:00:00.000000',1012,80,'CLOSED',4,'2025-12-12 07:36:12.198960',8,'https://oihlyoeuwpcfnoywboyg.supabase.co/storage/v1/object/public/user-uploads/1765503746601-0ciozh.jfif',60,30),(1028,'Workshop “Lập trình Web Fullstack với Java – Từ Cơ Bản đến Thực Tế”','Workshop được tổ chức nhằm cung cấp cho sinh viên kiến thức nền tảng và thực hành về lập trình Web Fullstack sử dụng Java.\nNội dung bao gồm:\nGiới thiệu tổng quan về kiến trúc Web (Frontend – Backend)\nLàm quen với Java Servlet, JSP và JDBC\nKết nối CSDL và xây dựng các chức năng cơ bản','2025-12-26 14:00:00.000000','2025-12-26 16:00:00.000000',1036,60,'CLOSED',4,'2025-12-21 23:58:26.276509',1,'https://oihlyoeuwpcfnoywboyg.supabase.co/storage/v1/object/public/user-uploads/1766336508787-qtmp12.jfif',60,30),(1029,'Talk Show: Công Nghệ Thời Đại 4.0 – Cơ Hội & Thách Thức','Talk Show “Công Nghệ Thời Đại 4.0” là sự kiện chia sẻ và trao đổi xoay quanh những xu hướng công nghệ nổi bật trong kỷ nguyên số như Trí tuệ nhân tạo (AI), Dữ liệu lớn (Big Data), Internet vạn vật (IoT) và Chuyển đổi số.','2025-12-28 14:00:00.000000','2025-12-28 16:00:00.000000',1037,50,'CLOSED',4,'2025-12-22 09:29:33.846615',1,'https://oihlyoeuwpcfnoywboyg.supabase.co/storage/v1/object/public/user-uploads/1766370747441-8huj69.jfif',60,30),(1030,'Testing','Test thử','2026-02-10 09:00:00.000000','2026-02-10 16:15:00.000000',1039,300,'CLOSED',18,'2026-01-31 00:49:16.661176',1,'https://ivsxpvqdxzcjetdohsfc.supabase.co/storage/v1/object/public/user-uploads/1769843638495-i0wq3o.jpg',60,60),(1031,'AWS re:Invent','AWS','2000-03-01 10:00:00.000000','2020-04-01 16:00:00.000000',1040,20,'CLOSED',18,'2026-01-31 01:06:35.816234',1,'https://ivsxpvqdxzcjetdohsfc.supabase.co/storage/v1/object/public/user-uploads/1769846064869-kz27b.png',60,30),(1032,'AWS re:Invent','AWS re:Invent','2026-02-10 09:00:00.000000','2026-02-10 16:15:00.000000',1038,100,'CLOSED',18,'2026-01-31 01:29:29.674685',8,'https://ivsxpvqdxzcjetdohsfc.supabase.co/storage/v1/object/public/user-uploads/1769846612674-towsg5.png',60,60),(1035,'Career Move','Sự kiện chia sẻ về sự nghiệp','2026-02-10 09:00:00.000000','2026-02-10 16:00:00.000000',NULL,100,'CANCELLED',18,'2026-02-09 01:34:10.453484',7,NULL,60,30),(1036,'Career Move','Sự kiện chia sẻ về sự nghiệp','2026-02-12 09:00:00.000000','2026-02-12 16:15:00.000000',NULL,120,'CANCELLED',18,'2026-02-10 10:00:25.286852',1,NULL,60,30),(1037,'Career Move','Sự kiện chia sẻ về sự nghiệp','2026-02-12 09:00:00.000000','2026-02-12 16:15:00.000000',NULL,80,'CANCELLED',18,'2026-02-10 15:25:28.751479',7,NULL,60,30),(1038,'Career Move','Sự kiện chia sẻ về sự nghiệp','2026-02-12 09:00:00.000000','2026-02-12 16:15:00.000000',NULL,100,'CANCELLED',18,'2026-02-10 17:13:57.061032',8,NULL,60,30),(1039,'Career Move	','Sự kiện chia sẻ về sự nghiệp','2026-02-13 09:00:00.000000','2026-02-13 16:15:00.000000',1044,90,'CLOSED',18,'2026-02-10 17:41:52.559512',8,'https://ivsxpvqdxzcjetdohsfc.supabase.co/storage/v1/object/public/user-uploads/1770721043898-jlay7a.jpg',60,60),(1040,'AWS re:Invent 2023','AWS re:Invent 2023','2026-02-16 09:00:00.000000','2026-02-16 16:15:00.000000',NULL,500,'CLOSED',18,'2026-02-14 13:02:40.501488',12,NULL,60,30),(1041,'AWS re:Invent 2023','AWS re:Invent is the premier annual conference hosted by Amazon Web Services (AWS)	\n','2026-02-18 07:00:00.000000','2026-02-18 16:00:00.000000',1038,300,'CLOSED',18,'2026-02-15 16:21:27.044089',10,'https://ivsxpvqdxzcjetdohsfc.supabase.co/storage/v1/object/public/user-uploads/1771167157496-ub9sk.jpg',60,30),(1042,'Event Big','Big Event','2026-02-25 09:00:00.000000','2026-02-25 16:15:00.000000',NULL,60,'CLOSED',18,'2026-02-23 21:24:16.000000',7,NULL,60,30),(1043,'...','...','2026-02-26 09:00:00.000000','2026-02-26 16:15:00.000000',NULL,110,'CANCELLED',18,'2026-02-24 13:59:26.000000',1,NULL,60,30),(1044,'test','test','2026-02-26 09:00:00.000000','2026-02-26 16:15:00.000000',NULL,100,'CANCELLED',18,'2026-02-24 15:50:25.000000',7,NULL,60,30),(1045,'...','...','2026-02-26 09:00:00.000000','2026-02-26 16:15:00.000000',NULL,150,'CANCELLED',18,'2026-02-24 15:53:48.000000',1,NULL,60,30),(1046,'...','...','2026-02-26 09:00:00.000000','2026-02-26 16:15:00.000000',NULL,100,'CANCELLED',18,'2026-02-24 16:03:28.000000',7,NULL,60,30),(1047,'Career Move','Sự kiện chia sẻ về sự nghiệp','2026-02-27 09:00:00.000000','2026-02-27 16:15:00.000000',1054,150,'OPEN',18,'2026-02-25 14:10:00.000000',1,'https://ivsxpvqdxzcjetdohsfc.supabase.co/storage/v1/object/public/user-uploads/1772003486250-kdy6mv.jpg',60,30);
/*!40000 ALTER TABLE `event` ENABLE KEYS */;
UNLOCK TABLES;

--
-- Table structure for table `event_request`
--

DROP TABLE IF EXISTS `event_request`;
/*!40101 SET @saved_cs_client     = @@character_set_client */;
/*!50503 SET character_set_client = utf8mb4 */;
CREATE TABLE `event_request` (
  `request_id` int NOT NULL AUTO_INCREMENT,
  `requester_id` int NOT NULL,
  `title` varchar(200) COLLATE utf8mb4_unicode_ci NOT NULL,
  `description` longtext COLLATE utf8mb4_unicode_ci,
  `preferred_start_time` datetime(6) DEFAULT NULL,
  `preferred_end_time` datetime(6) DEFAULT NULL,
  `expected_capacity` int DEFAULT NULL,
  `status` enum('PENDING','APPROVED','REJECTED','UPDATING','CANCELLED','EXPIRED') COLLATE utf8mb4_unicode_ci DEFAULT 'PENDING',
  `created_at` datetime(6) DEFAULT CURRENT_TIMESTAMP(6),
  `processed_by` int DEFAULT NULL,
  `processed_at` datetime(6) DEFAULT NULL,
  `organizer_note` varchar(500) COLLATE utf8mb4_unicode_ci DEFAULT NULL,
  `created_event_id` int DEFAULT NULL,
  `reject_reason` text COLLATE utf8mb4_unicode_ci,
  PRIMARY KEY (`request_id`),
  KEY `FK_EventRequest_Event` (`created_event_id`),
  KEY `FK_EventRequest_ProcessedBy` (`processed_by`),
  KEY `FK_EventRequest_Requester` (`requester_id`),
  CONSTRAINT `FK_EventRequest_Event` FOREIGN KEY (`created_event_id`) REFERENCES `event` (`event_id`),
  CONSTRAINT `FK_EventRequest_ProcessedBy` FOREIGN KEY (`processed_by`) REFERENCES `users` (`user_id`),
  CONSTRAINT `FK_EventRequest_Requester` FOREIGN KEY (`requester_id`) REFERENCES `users` (`user_id`)
) ENGINE=InnoDB AUTO_INCREMENT=1055 DEFAULT CHARSET=utf8mb4 COLLATE=utf8mb4_unicode_ci;
/*!40101 SET character_set_client = @saved_cs_client */;

--
-- Dumping data for table `event_request`
--

LOCK TABLES `event_request` WRITE;
/*!40000 ALTER TABLE `event_request` DISABLE KEYS */;
INSERT INTO `event_request` VALUES (6,3,'Sự kiện mừng xuân - 2026','Mừng xuân đón tết','2026-01-01 10:00:00.000000','2026-01-01 17:00:00.000000',50,'APPROVED','2025-12-08 00:54:26.956507',4,'2025-12-08 00:55:02.097552','Yêu cầu của bạn đã được phê duyệt tổ.',7,NULL),(7,3,'Buổi dạy Thư Pháp Ngày Xuân 2026','Đánh bài tiến lên','2026-01-01 18:00:00.000000','2026-01-01 22:00:00.000000',50,'APPROVED','2025-12-08 01:18:34.655330',4,'2025-12-08 01:18:54.185080',NULL,8,NULL),(17,3,'Workshop “Kỹ năng Thuyết Trình Chuyên Nghiệp”','Buổi chia sẻ chuyên sâu về cách nói chuyện trước đám đông, xử lý tâm lý lo âu, và thực hành trực tiếp.','2025-12-18 08:00:00.000000','2025-12-18 10:30:00.000000',20,'APPROVED','2025-12-11 13:38:09.247915',4,'2025-12-11 13:44:19.519685','',14,NULL),(18,3,'Hội Thảo Tuyển Dụng IT Career Day','Gặp gỡ doanh nghiệp công nghệ, phỏng vấn thử, chia sẻ career path.','2025-12-18 16:00:00.000000','2025-12-18 19:00:00.000000',70,'APPROVED','2025-12-11 13:39:08.156331',4,'2025-12-11 13:44:45.516390','',15,NULL),(19,3,'Workshop “Lập trình AI với Python dành cho người mới”','Hướng dẫn các khái niệm nền tảng về Machine Learning, thư viện NumPy, Pandas, scikit-learn, TensorFlow; thực hành dự án nhỏ.','2025-12-25 10:00:00.000000','2025-12-25 14:00:00.000000',40,'APPROVED','2025-12-11 13:41:35.340555',4,'2025-12-11 13:45:01.905382','',16,NULL),(20,3,'Workshop “Xây dựng ứng dụng Chatbot AI đa ngôn ngữ”','Hướng dẫn cách dùng OpenAI, Gemini, HuggingFace; tích hợp giọng nói – text – API; triển khai chatbot vào website.','2025-12-22 18:00:00.000000','2025-12-22 20:00:00.000000',60,'APPROVED','2025-12-11 13:42:52.650025',4,'2025-12-11 13:45:08.384691','',17,NULL),(1018,3,'Sự Kiện vẽ tranh 2','Vẽ tranh','2026-01-01 13:00:00.000000','2026-01-01 16:00:00.000000',80,'APPROVED','2025-12-12 07:35:06.823590',4,'2025-12-12 07:36:12.210457','Phê duyệt tổ chức sự kiện',1014,NULL),(1033,3,'Workshop “Lập trình Web Fullstack với Java – Từ Cơ Bản đến Thực Tế”','Workshop được tổ chức nhằm cung cấp cho sinh viên kiến thức nền tảng và thực hành về lập trình Web Fullstack sử dụng Java.\nNội dung bao gồm:\nGiới thiệu tổng quan về kiến trúc Web (Frontend – Backend)\nLàm quen với Java Servlet, JSP và JDBC\nKết nối CSDL và xây dựng các chức năng cơ bản','2025-12-26 14:00:00.000000','2025-12-26 16:00:00.000000',60,'APPROVED','2025-12-21 23:57:52.624489',4,'2025-12-21 23:58:26.285017','Yêu cầu của bạn đã được chấp nhận',1028,NULL),(1034,3,'Talk Show: Công Nghệ Thời Đại 4.0 – Cơ Hội & Thách Thức','Talk Show “Công Nghệ Thời Đại 4.0” là sự kiện chia sẻ và trao đổi xoay quanh những xu hướng công nghệ nổi bật trong kỷ nguyên số như Trí tuệ nhân tạo (AI), Dữ liệu lớn (Big Data), Internet vạn vật (IoT) và Chuyển đổi số.','2025-12-28 14:00:00.000000','2025-12-28 16:00:00.000000',50,'APPROVED','2025-12-22 09:28:13.854025',4,'2025-12-22 09:29:33.860646','Đồng ý phê duyệt yêu cầu.',1029,NULL),(1035,18,'Testing','Test thử','2026-02-10 09:00:00.000000','2026-02-10 16:15:00.000000',300,'APPROVED','2026-01-31 00:02:58.000000',4,'2026-01-31 00:49:16.000000',NULL,1030,NULL),(1036,18,'AWS re:Invent','AWS','2000-03-01 10:00:00.000000','2020-04-01 16:00:00.000000',20,'APPROVED','2026-01-31 00:56:51.000000',4,'2026-01-31 01:06:35.000000',NULL,1031,NULL),(1037,18,'AWS re:Invent','AWS re:Invent','2026-02-10 09:00:00.000000','2026-02-10 16:15:00.000000',100,'APPROVED','2026-01-31 01:18:15.000000',4,'2026-01-31 01:29:29.000000','',1032,NULL),(1040,18,'Career Move','Sự kiện chia sẻ về sự nghiệp','2026-02-12 09:00:00.000000','2026-02-12 16:15:00.000000',120,'CANCELLED','2026-02-09 23:36:30.000000',4,'2026-02-10 10:00:25.000000','Ok duyệt',1036,NULL),(1042,18,'','','2026-02-12 09:00:00.000000','2026-02-12 16:15:00.000000',0,'CANCELLED','2026-02-10 15:24:42.000000',4,'2026-02-10 15:25:28.000000','OK',1037,NULL),(1043,18,'','','2026-02-12 09:00:00.000000','2026-02-12 16:15:00.000000',0,'CANCELLED','2026-02-10 17:10:51.000000',4,'2026-02-10 17:13:57.000000','Duyệt',1038,NULL),(1044,18,'Career Move	','Sự kiện chia sẻ về sự nghiệp','2026-02-13 09:00:00.000000','2026-02-13 16:15:00.000000',90,'APPROVED','2026-02-10 17:39:08.000000',4,'2026-02-10 17:41:52.000000','',1039,NULL),(1045,18,'AWS re:Invent 2023','AWS re:Invent 2023','2026-02-16 09:00:00.000000','2026-02-16 16:15:00.000000',500,'CANCELLED','2026-02-14 13:02:04.000000',4,'2026-02-14 13:02:40.000000','OK duyệt',1040,NULL),(1046,18,'AWS re:Invent 2023','AWS re:Invent is the premier annual conference hosted by Amazon Web Services (AWS)	\n','2026-02-18 07:00:00.000000','2026-02-18 16:00:00.000000',300,'APPROVED','2026-02-15 16:20:59.000000',4,'2026-02-15 16:21:27.000000','ok duyệt',1041,NULL),(1047,18,'...','...','2026-02-25 09:00:00.000000','2026-02-25 16:15:00.000000',50,'CANCELLED','2026-02-23 15:22:48.000000',NULL,NULL,NULL,NULL,NULL),(1048,18,'Event Big','Big Event','2026-02-25 09:00:00.000000','2026-02-25 16:15:00.000000',60,'APPROVED','2026-02-23 15:27:44.000000',4,'2026-02-23 21:24:16.000000','',1042,NULL),(1049,18,'...','...','2026-02-26 09:00:00.000000','2026-02-26 16:15:00.000000',110,'CANCELLED','2026-02-24 13:58:52.000000',4,'2026-02-24 13:59:26.000000','',1043,NULL),(1050,18,'...','...','2026-02-26 09:00:00.000000','2026-02-26 16:15:00.000000',50,'CANCELLED','2026-02-24 14:32:15.000000',NULL,NULL,NULL,NULL,NULL),(1051,18,'test','test','2026-02-26 09:00:00.000000','2026-02-26 16:15:00.000000',100,'CANCELLED','2026-02-24 15:42:25.000000',4,'2026-02-24 15:50:25.000000','',1044,NULL),(1052,18,'...','...','2026-02-26 09:00:00.000000','2026-02-26 16:15:00.000000',150,'CANCELLED','2026-02-24 15:53:18.000000',4,'2026-02-24 15:53:48.000000','',1045,NULL),(1053,18,'...','...','2026-02-26 09:00:00.000000','2026-02-26 16:15:00.000000',100,'CANCELLED','2026-02-24 16:03:15.000000',4,'2026-02-24 16:03:28.000000','',1046,NULL),(1054,18,'Career Move','Sự kiện chia sẻ về sự nghiệp','2026-02-27 09:00:00.000000','2026-02-27 16:15:00.000000',150,'APPROVED','2026-02-25 14:08:45.000000',4,'2026-02-25 14:10:00.000000','OK',1047,NULL);
/*!40000 ALTER TABLE `event_request` ENABLE KEYS */;
UNLOCK TABLES;

--
-- Table structure for table `event_seat_layout`
--

DROP TABLE IF EXISTS `event_seat_layout`;
/*!40101 SET @saved_cs_client     = @@character_set_client */;
/*!50503 SET character_set_client = utf8mb4 */;
CREATE TABLE `event_seat_layout` (
  `event_id` int NOT NULL,
  `seat_id` int NOT NULL,
  `seat_type` enum('STANDARD','VIP') COLLATE utf8mb4_unicode_ci NOT NULL,
  `status` enum('AVAILABLE','HOLD','BOOKED','INAVAILABLE') COLLATE utf8mb4_unicode_ci DEFAULT 'AVAILABLE',
  PRIMARY KEY (`event_id`,`seat_id`),
  KEY `FK_EventSeatLayout_Seat` (`seat_id`),
  CONSTRAINT `FK_EventSeatLayout_Event` FOREIGN KEY (`event_id`) REFERENCES `event` (`event_id`),
  CONSTRAINT `FK_EventSeatLayout_Seat` FOREIGN KEY (`seat_id`) REFERENCES `seat` (`seat_id`)
) ENGINE=InnoDB DEFAULT CHARSET=utf8mb4 COLLATE=utf8mb4_unicode_ci;
/*!40101 SET character_set_client = @saved_cs_client */;

--
-- Dumping data for table `event_seat_layout`
--

LOCK TABLES `event_seat_layout` WRITE;
/*!40000 ALTER TABLE `event_seat_layout` DISABLE KEYS */;
INSERT INTO `event_seat_layout` VALUES (7,2,'VIP','AVAILABLE'),(7,3,'VIP','AVAILABLE'),(7,4,'VIP','AVAILABLE'),(7,5,'VIP','AVAILABLE'),(7,6,'STANDARD','AVAILABLE'),(7,7,'STANDARD','AVAILABLE'),(7,8,'STANDARD','AVAILABLE'),(7,9,'STANDARD','AVAILABLE'),(7,10,'STANDARD','AVAILABLE'),(7,11,'VIP','AVAILABLE'),(7,12,'STANDARD','AVAILABLE'),(7,13,'STANDARD','AVAILABLE'),(7,14,'STANDARD','AVAILABLE'),(7,15,'STANDARD','AVAILABLE'),(7,16,'STANDARD','AVAILABLE'),(7,17,'STANDARD','AVAILABLE'),(7,18,'STANDARD','AVAILABLE'),(7,19,'STANDARD','AVAILABLE'),(7,20,'STANDARD','AVAILABLE'),(7,21,'STANDARD','AVAILABLE'),(7,22,'STANDARD','AVAILABLE'),(7,23,'STANDARD','AVAILABLE'),(7,24,'STANDARD','AVAILABLE'),(7,25,'STANDARD','AVAILABLE'),(7,26,'STANDARD','AVAILABLE'),(7,27,'STANDARD','AVAILABLE'),(7,28,'STANDARD','AVAILABLE'),(7,29,'STANDARD','AVAILABLE'),(7,30,'STANDARD','AVAILABLE'),(7,31,'STANDARD','AVAILABLE'),(7,32,'STANDARD','AVAILABLE'),(7,33,'STANDARD','AVAILABLE'),(7,34,'STANDARD','AVAILABLE'),(7,35,'STANDARD','AVAILABLE'),(7,36,'STANDARD','AVAILABLE'),(7,37,'STANDARD','AVAILABLE'),(7,38,'STANDARD','AVAILABLE'),(7,39,'STANDARD','AVAILABLE'),(7,40,'STANDARD','AVAILABLE'),(7,41,'STANDARD','AVAILABLE'),(7,42,'STANDARD','AVAILABLE'),(7,43,'STANDARD','AVAILABLE'),(7,44,'STANDARD','AVAILABLE'),(7,45,'STANDARD','AVAILABLE'),(7,46,'STANDARD','AVAILABLE'),(7,47,'STANDARD','AVAILABLE'),(7,48,'STANDARD','AVAILABLE'),(7,49,'STANDARD','AVAILABLE'),(7,50,'STANDARD','AVAILABLE'),(7,51,'STANDARD','AVAILABLE'),(8,2,'VIP','AVAILABLE'),(8,3,'VIP','AVAILABLE'),(8,4,'VIP','AVAILABLE'),(8,5,'VIP','AVAILABLE'),(8,6,'VIP','AVAILABLE'),(8,7,'VIP','AVAILABLE'),(8,8,'VIP','AVAILABLE'),(8,9,'VIP','AVAILABLE'),(8,10,'VIP','AVAILABLE'),(8,11,'VIP','AVAILABLE'),(8,12,'VIP','AVAILABLE'),(8,13,'VIP','AVAILABLE'),(8,14,'VIP','AVAILABLE'),(8,15,'VIP','AVAILABLE'),(8,16,'VIP','AVAILABLE'),(8,17,'VIP','AVAILABLE'),(8,18,'VIP','AVAILABLE'),(8,19,'VIP','AVAILABLE'),(8,20,'VIP','AVAILABLE'),(8,21,'VIP','AVAILABLE'),(8,22,'VIP','AVAILABLE'),(8,23,'VIP','AVAILABLE'),(8,24,'VIP','AVAILABLE'),(8,25,'VIP','AVAILABLE'),(8,26,'VIP','AVAILABLE'),(8,27,'VIP','AVAILABLE'),(8,28,'VIP','AVAILABLE'),(8,29,'VIP','AVAILABLE'),(8,30,'VIP','AVAILABLE'),(8,31,'VIP','AVAILABLE'),(8,32,'STANDARD','AVAILABLE'),(8,33,'STANDARD','AVAILABLE'),(8,34,'STANDARD','AVAILABLE'),(8,35,'STANDARD','AVAILABLE'),(8,36,'STANDARD','AVAILABLE'),(8,37,'STANDARD','AVAILABLE'),(8,38,'STANDARD','AVAILABLE'),(8,39,'STANDARD','AVAILABLE'),(8,40,'STANDARD','AVAILABLE'),(8,41,'STANDARD','AVAILABLE'),(8,42,'STANDARD','AVAILABLE'),(8,43,'STANDARD','AVAILABLE'),(8,44,'STANDARD','AVAILABLE'),(8,45,'STANDARD','AVAILABLE'),(8,46,'STANDARD','AVAILABLE'),(8,47,'STANDARD','AVAILABLE'),(8,48,'STANDARD','AVAILABLE'),(8,49,'STANDARD','AVAILABLE'),(8,50,'STANDARD','AVAILABLE'),(8,51,'STANDARD','AVAILABLE'),(10,2,'VIP','AVAILABLE'),(10,3,'VIP','AVAILABLE'),(10,4,'VIP','AVAILABLE'),(10,5,'VIP','AVAILABLE'),(10,6,'VIP','AVAILABLE'),(10,7,'VIP','AVAILABLE'),(10,8,'VIP','AVAILABLE'),(10,9,'VIP','AVAILABLE'),(10,10,'VIP','AVAILABLE'),(10,11,'VIP','AVAILABLE'),(10,12,'STANDARD','AVAILABLE'),(10,13,'STANDARD','AVAILABLE'),(10,14,'STANDARD','AVAILABLE'),(10,15,'STANDARD','AVAILABLE'),(10,16,'STANDARD','AVAILABLE'),(10,17,'STANDARD','AVAILABLE'),(10,18,'STANDARD','AVAILABLE'),(10,19,'STANDARD','AVAILABLE'),(10,20,'STANDARD','AVAILABLE'),(10,21,'STANDARD','AVAILABLE'),(10,22,'STANDARD','AVAILABLE'),(10,23,'STANDARD','AVAILABLE'),(10,24,'STANDARD','AVAILABLE'),(10,25,'STANDARD','AVAILABLE'),(10,26,'STANDARD','AVAILABLE'),(10,27,'STANDARD','AVAILABLE'),(10,28,'STANDARD','AVAILABLE'),(10,29,'STANDARD','AVAILABLE'),(10,30,'STANDARD','AVAILABLE'),(10,31,'STANDARD','AVAILABLE'),(10,32,'STANDARD','AVAILABLE'),(10,33,'STANDARD','AVAILABLE'),(10,34,'STANDARD','AVAILABLE'),(10,35,'STANDARD','AVAILABLE'),(10,36,'STANDARD','AVAILABLE'),(10,37,'STANDARD','AVAILABLE'),(10,38,'STANDARD','AVAILABLE'),(10,39,'STANDARD','AVAILABLE'),(10,40,'STANDARD','AVAILABLE'),(10,41,'STANDARD','AVAILABLE'),(14,312,'VIP','INAVAILABLE'),(14,313,'VIP','INAVAILABLE'),(14,314,'VIP','INAVAILABLE'),(14,315,'VIP','INAVAILABLE'),(14,316,'VIP','INAVAILABLE'),(14,317,'VIP','INAVAILABLE'),(14,318,'VIP','INAVAILABLE'),(14,319,'VIP','INAVAILABLE'),(14,320,'VIP','INAVAILABLE'),(14,321,'VIP','INAVAILABLE'),(14,322,'VIP','INAVAILABLE'),(14,323,'VIP','INAVAILABLE'),(14,324,'VIP','INAVAILABLE'),(14,325,'VIP','INAVAILABLE'),(14,326,'VIP','INAVAILABLE'),(14,327,'VIP','INAVAILABLE'),(14,328,'VIP','INAVAILABLE'),(14,329,'VIP','INAVAILABLE'),(14,330,'VIP','INAVAILABLE'),(14,331,'VIP','INAVAILABLE'),(15,112,'VIP','INAVAILABLE'),(15,113,'VIP','INAVAILABLE'),(15,114,'VIP','INAVAILABLE'),(15,115,'VIP','INAVAILABLE'),(15,116,'VIP','INAVAILABLE'),(15,117,'VIP','INAVAILABLE'),(15,118,'VIP','INAVAILABLE'),(15,119,'VIP','INAVAILABLE'),(15,120,'VIP','INAVAILABLE'),(15,121,'VIP','INAVAILABLE'),(15,122,'STANDARD','INAVAILABLE'),(15,123,'STANDARD','INAVAILABLE'),(15,124,'STANDARD','INAVAILABLE'),(15,125,'STANDARD','INAVAILABLE'),(15,126,'STANDARD','INAVAILABLE'),(15,127,'STANDARD','INAVAILABLE'),(15,128,'STANDARD','INAVAILABLE'),(15,129,'STANDARD','INAVAILABLE'),(15,130,'STANDARD','INAVAILABLE'),(15,131,'STANDARD','INAVAILABLE'),(15,132,'STANDARD','INAVAILABLE'),(15,133,'STANDARD','INAVAILABLE'),(15,134,'STANDARD','INAVAILABLE'),(15,135,'STANDARD','INAVAILABLE'),(15,136,'STANDARD','INAVAILABLE'),(15,137,'STANDARD','INAVAILABLE'),(15,138,'STANDARD','INAVAILABLE'),(15,139,'STANDARD','INAVAILABLE'),(15,140,'STANDARD','INAVAILABLE'),(15,141,'STANDARD','INAVAILABLE'),(15,142,'STANDARD','INAVAILABLE'),(15,143,'STANDARD','INAVAILABLE'),(15,144,'STANDARD','INAVAILABLE'),(15,145,'STANDARD','INAVAILABLE'),(15,146,'STANDARD','INAVAILABLE'),(15,147,'STANDARD','INAVAILABLE'),(15,148,'STANDARD','INAVAILABLE'),(15,149,'STANDARD','INAVAILABLE'),(15,150,'STANDARD','INAVAILABLE'),(15,151,'STANDARD','INAVAILABLE'),(15,152,'STANDARD','INAVAILABLE'),(15,153,'STANDARD','INAVAILABLE'),(15,154,'STANDARD','INAVAILABLE'),(15,155,'STANDARD','INAVAILABLE'),(15,156,'STANDARD','INAVAILABLE'),(15,157,'STANDARD','INAVAILABLE'),(15,158,'STANDARD','INAVAILABLE'),(15,159,'STANDARD','INAVAILABLE'),(15,160,'STANDARD','INAVAILABLE'),(15,161,'STANDARD','INAVAILABLE'),(16,62,'VIP','AVAILABLE'),(16,63,'VIP','AVAILABLE'),(16,64,'VIP','AVAILABLE'),(16,65,'VIP','AVAILABLE'),(16,66,'VIP','AVAILABLE'),(16,67,'VIP','AVAILABLE'),(16,68,'VIP','AVAILABLE'),(16,69,'VIP','AVAILABLE'),(16,70,'VIP','AVAILABLE'),(16,71,'VIP','AVAILABLE'),(16,72,'STANDARD','AVAILABLE'),(16,73,'STANDARD','AVAILABLE'),(16,74,'STANDARD','AVAILABLE'),(16,75,'STANDARD','AVAILABLE'),(16,76,'STANDARD','AVAILABLE'),(16,77,'STANDARD','AVAILABLE'),(16,78,'STANDARD','AVAILABLE'),(16,79,'STANDARD','AVAILABLE'),(16,80,'STANDARD','AVAILABLE'),(16,81,'STANDARD','AVAILABLE'),(16,82,'STANDARD','AVAILABLE'),(16,83,'STANDARD','AVAILABLE'),(16,84,'STANDARD','AVAILABLE'),(16,85,'STANDARD','AVAILABLE'),(16,86,'STANDARD','AVAILABLE'),(16,87,'STANDARD','AVAILABLE'),(16,88,'STANDARD','AVAILABLE'),(16,89,'STANDARD','AVAILABLE'),(16,90,'STANDARD','AVAILABLE'),(16,91,'STANDARD','AVAILABLE'),(16,92,'STANDARD','AVAILABLE'),(16,93,'STANDARD','AVAILABLE'),(16,94,'STANDARD','AVAILABLE'),(16,95,'STANDARD','AVAILABLE'),(16,96,'STANDARD','AVAILABLE'),(16,97,'STANDARD','AVAILABLE'),(16,98,'STANDARD','AVAILABLE'),(16,99,'STANDARD','AVAILABLE'),(16,100,'STANDARD','AVAILABLE'),(16,101,'STANDARD','AVAILABLE'),(17,2,'VIP','INAVAILABLE'),(17,3,'VIP','INAVAILABLE'),(17,4,'VIP','INAVAILABLE'),(17,5,'VIP','INAVAILABLE'),(17,6,'VIP','INAVAILABLE'),(17,7,'VIP','INAVAILABLE'),(17,8,'VIP','INAVAILABLE'),(17,9,'VIP','INAVAILABLE'),(17,10,'VIP','INAVAILABLE'),(17,11,'VIP','INAVAILABLE'),(17,12,'VIP','INAVAILABLE'),(17,13,'VIP','INAVAILABLE'),(17,14,'VIP','INAVAILABLE'),(17,15,'VIP','INAVAILABLE'),(17,16,'VIP','INAVAILABLE'),(17,17,'VIP','INAVAILABLE'),(17,18,'VIP','INAVAILABLE'),(17,19,'VIP','INAVAILABLE'),(17,20,'VIP','INAVAILABLE'),(17,21,'VIP','INAVAILABLE'),(17,22,'VIP','INAVAILABLE'),(17,23,'VIP','INAVAILABLE'),(17,24,'VIP','INAVAILABLE'),(17,25,'VIP','INAVAILABLE'),(17,26,'VIP','INAVAILABLE'),(17,27,'VIP','INAVAILABLE'),(17,28,'VIP','INAVAILABLE'),(17,29,'VIP','INAVAILABLE'),(17,30,'VIP','INAVAILABLE'),(17,31,'VIP','INAVAILABLE'),(17,32,'STANDARD','INAVAILABLE'),(17,33,'STANDARD','INAVAILABLE'),(17,34,'STANDARD','INAVAILABLE'),(17,35,'STANDARD','INAVAILABLE'),(17,36,'STANDARD','INAVAILABLE'),(17,37,'STANDARD','INAVAILABLE'),(17,38,'STANDARD','INAVAILABLE'),(17,39,'STANDARD','INAVAILABLE'),(17,40,'STANDARD','INAVAILABLE'),(17,41,'STANDARD','INAVAILABLE'),(17,42,'STANDARD','INAVAILABLE'),(17,43,'STANDARD','INAVAILABLE'),(17,44,'STANDARD','INAVAILABLE'),(17,45,'STANDARD','INAVAILABLE'),(17,46,'STANDARD','INAVAILABLE'),(17,47,'STANDARD','INAVAILABLE'),(17,48,'STANDARD','INAVAILABLE'),(17,49,'STANDARD','INAVAILABLE'),(17,50,'STANDARD','INAVAILABLE'),(17,51,'STANDARD','INAVAILABLE'),(17,52,'STANDARD','INAVAILABLE'),(17,53,'STANDARD','INAVAILABLE'),(17,54,'STANDARD','INAVAILABLE'),(17,55,'STANDARD','INAVAILABLE'),(17,56,'STANDARD','INAVAILABLE'),(17,57,'STANDARD','INAVAILABLE'),(17,58,'STANDARD','INAVAILABLE'),(17,59,'STANDARD','INAVAILABLE'),(17,60,'STANDARD','INAVAILABLE'),(17,61,'STANDARD','INAVAILABLE'),(1014,212,'VIP','AVAILABLE'),(1014,213,'VIP','AVAILABLE'),(1014,214,'VIP','AVAILABLE'),(1014,215,'VIP','AVAILABLE'),(1014,216,'VIP','AVAILABLE'),(1014,217,'VIP','AVAILABLE'),(1014,218,'VIP','AVAILABLE'),(1014,219,'VIP','AVAILABLE'),(1014,220,'VIP','AVAILABLE'),(1014,221,'VIP','AVAILABLE'),(1014,222,'VIP','AVAILABLE'),(1014,223,'VIP','AVAILABLE'),(1014,224,'VIP','AVAILABLE'),(1014,225,'VIP','AVAILABLE'),(1014,226,'VIP','AVAILABLE'),(1014,227,'VIP','AVAILABLE'),(1014,228,'VIP','AVAILABLE'),(1014,229,'VIP','AVAILABLE'),(1014,230,'VIP','AVAILABLE'),(1014,231,'VIP','AVAILABLE'),(1014,232,'VIP','AVAILABLE'),(1014,233,'VIP','AVAILABLE'),(1014,234,'VIP','AVAILABLE'),(1014,235,'VIP','AVAILABLE'),(1014,236,'VIP','AVAILABLE'),(1014,237,'VIP','AVAILABLE'),(1014,238,'VIP','AVAILABLE'),(1014,239,'VIP','AVAILABLE'),(1014,240,'VIP','AVAILABLE'),(1014,241,'VIP','AVAILABLE'),(1014,242,'VIP','AVAILABLE'),(1014,243,'VIP','AVAILABLE'),(1014,244,'VIP','AVAILABLE'),(1014,245,'VIP','AVAILABLE'),(1014,246,'VIP','AVAILABLE'),(1014,247,'VIP','AVAILABLE'),(1014,248,'VIP','AVAILABLE'),(1014,249,'VIP','AVAILABLE'),(1014,250,'VIP','AVAILABLE'),(1014,251,'VIP','AVAILABLE'),(1014,252,'STANDARD','AVAILABLE'),(1014,253,'STANDARD','AVAILABLE'),(1014,254,'STANDARD','AVAILABLE'),(1014,255,'STANDARD','AVAILABLE'),(1014,256,'STANDARD','AVAILABLE'),(1014,257,'STANDARD','AVAILABLE'),(1014,258,'STANDARD','AVAILABLE'),(1014,259,'STANDARD','AVAILABLE'),(1014,260,'STANDARD','AVAILABLE'),(1014,261,'STANDARD','AVAILABLE'),(1014,262,'STANDARD','AVAILABLE'),(1014,263,'STANDARD','AVAILABLE'),(1014,264,'STANDARD','AVAILABLE'),(1014,265,'STANDARD','AVAILABLE'),(1014,266,'STANDARD','AVAILABLE'),(1014,267,'STANDARD','AVAILABLE'),(1014,268,'STANDARD','AVAILABLE'),(1014,269,'STANDARD','AVAILABLE'),(1014,270,'STANDARD','AVAILABLE'),(1014,271,'STANDARD','AVAILABLE'),(1014,272,'STANDARD','AVAILABLE'),(1014,273,'STANDARD','AVAILABLE'),(1014,274,'STANDARD','AVAILABLE'),(1014,275,'STANDARD','AVAILABLE'),(1014,276,'STANDARD','AVAILABLE'),(1014,277,'STANDARD','AVAILABLE'),(1014,278,'STANDARD','AVAILABLE'),(1014,279,'STANDARD','AVAILABLE'),(1014,280,'STANDARD','AVAILABLE'),(1014,281,'STANDARD','AVAILABLE'),(1014,282,'STANDARD','AVAILABLE'),(1014,283,'STANDARD','AVAILABLE'),(1014,284,'STANDARD','AVAILABLE'),(1014,285,'STANDARD','AVAILABLE'),(1014,286,'STANDARD','AVAILABLE'),(1014,287,'STANDARD','AVAILABLE'),(1014,288,'STANDARD','AVAILABLE'),(1014,289,'STANDARD','AVAILABLE'),(1014,290,'STANDARD','AVAILABLE'),(1014,291,'STANDARD','AVAILABLE'),(1028,2,'VIP','AVAILABLE'),(1028,3,'VIP','AVAILABLE'),(1028,4,'VIP','AVAILABLE'),(1028,5,'VIP','AVAILABLE'),(1028,6,'VIP','AVAILABLE'),(1028,7,'VIP','AVAILABLE'),(1028,8,'VIP','AVAILABLE'),(1028,9,'VIP','AVAILABLE'),(1028,10,'VIP','AVAILABLE'),(1028,11,'VIP','AVAILABLE'),(1028,12,'VIP','AVAILABLE'),(1028,13,'VIP','AVAILABLE'),(1028,14,'VIP','AVAILABLE'),(1028,15,'VIP','AVAILABLE'),(1028,16,'VIP','AVAILABLE'),(1028,17,'VIP','AVAILABLE'),(1028,18,'VIP','AVAILABLE'),(1028,19,'VIP','AVAILABLE'),(1028,20,'VIP','AVAILABLE'),(1028,21,'VIP','AVAILABLE'),(1028,22,'STANDARD','AVAILABLE'),(1028,23,'STANDARD','AVAILABLE'),(1028,24,'STANDARD','AVAILABLE'),(1028,25,'STANDARD','AVAILABLE'),(1028,26,'STANDARD','AVAILABLE'),(1028,27,'STANDARD','AVAILABLE'),(1028,28,'STANDARD','AVAILABLE'),(1028,29,'STANDARD','AVAILABLE'),(1028,30,'STANDARD','AVAILABLE'),(1028,31,'STANDARD','AVAILABLE'),(1028,32,'STANDARD','AVAILABLE'),(1028,33,'STANDARD','AVAILABLE'),(1028,34,'STANDARD','AVAILABLE'),(1028,35,'STANDARD','AVAILABLE'),(1028,36,'STANDARD','AVAILABLE'),(1028,37,'STANDARD','AVAILABLE'),(1028,38,'STANDARD','AVAILABLE'),(1028,39,'STANDARD','AVAILABLE'),(1028,40,'STANDARD','AVAILABLE'),(1028,41,'STANDARD','AVAILABLE'),(1028,42,'STANDARD','AVAILABLE'),(1028,43,'STANDARD','AVAILABLE'),(1028,44,'STANDARD','AVAILABLE'),(1028,45,'STANDARD','AVAILABLE'),(1028,46,'STANDARD','AVAILABLE'),(1028,47,'STANDARD','AVAILABLE'),(1028,48,'STANDARD','AVAILABLE'),(1028,49,'STANDARD','AVAILABLE'),(1028,50,'STANDARD','AVAILABLE'),(1028,51,'STANDARD','AVAILABLE'),(1028,52,'STANDARD','AVAILABLE'),(1028,53,'STANDARD','AVAILABLE'),(1028,54,'STANDARD','AVAILABLE'),(1028,55,'STANDARD','AVAILABLE'),(1028,56,'STANDARD','AVAILABLE'),(1028,57,'STANDARD','AVAILABLE'),(1028,58,'STANDARD','AVAILABLE'),(1028,59,'STANDARD','AVAILABLE'),(1028,60,'STANDARD','AVAILABLE'),(1028,61,'STANDARD','AVAILABLE'),(1029,2,'VIP','AVAILABLE'),(1029,3,'VIP','AVAILABLE'),(1029,4,'VIP','AVAILABLE'),(1029,5,'VIP','AVAILABLE'),(1029,6,'VIP','AVAILABLE'),(1029,7,'VIP','AVAILABLE'),(1029,8,'VIP','AVAILABLE'),(1029,9,'VIP','AVAILABLE'),(1029,10,'VIP','AVAILABLE'),(1029,11,'VIP','AVAILABLE'),(1029,12,'VIP','AVAILABLE'),(1029,13,'VIP','AVAILABLE'),(1029,14,'VIP','AVAILABLE'),(1029,15,'VIP','AVAILABLE'),(1029,16,'VIP','AVAILABLE'),(1029,17,'VIP','AVAILABLE'),(1029,18,'VIP','AVAILABLE'),(1029,19,'VIP','AVAILABLE'),(1029,20,'VIP','AVAILABLE'),(1029,21,'VIP','AVAILABLE'),(1029,22,'STANDARD','AVAILABLE'),(1029,23,'STANDARD','AVAILABLE'),(1029,24,'STANDARD','AVAILABLE'),(1029,25,'STANDARD','AVAILABLE'),(1029,26,'STANDARD','AVAILABLE'),(1029,27,'STANDARD','AVAILABLE'),(1029,28,'STANDARD','AVAILABLE'),(1029,29,'STANDARD','AVAILABLE'),(1029,30,'STANDARD','AVAILABLE'),(1029,31,'STANDARD','AVAILABLE'),(1029,32,'STANDARD','AVAILABLE'),(1029,33,'STANDARD','AVAILABLE'),(1029,34,'STANDARD','AVAILABLE'),(1029,35,'STANDARD','AVAILABLE'),(1029,36,'STANDARD','AVAILABLE'),(1029,37,'STANDARD','AVAILABLE'),(1029,38,'STANDARD','AVAILABLE'),(1029,39,'STANDARD','AVAILABLE'),(1029,40,'STANDARD','AVAILABLE'),(1029,41,'STANDARD','AVAILABLE'),(1029,42,'STANDARD','AVAILABLE'),(1029,43,'STANDARD','AVAILABLE'),(1029,44,'STANDARD','AVAILABLE'),(1029,45,'STANDARD','AVAILABLE'),(1029,46,'STANDARD','AVAILABLE'),(1029,47,'STANDARD','AVAILABLE'),(1029,48,'STANDARD','AVAILABLE'),(1029,49,'STANDARD','AVAILABLE'),(1029,50,'STANDARD','AVAILABLE'),(1029,51,'STANDARD','AVAILABLE'),(1030,2,'VIP','AVAILABLE'),(1030,3,'VIP','AVAILABLE'),(1030,4,'VIP','AVAILABLE'),(1030,5,'VIP','AVAILABLE'),(1030,6,'VIP','AVAILABLE'),(1030,7,'VIP','AVAILABLE'),(1030,8,'VIP','AVAILABLE'),(1030,9,'VIP','AVAILABLE'),(1030,10,'VIP','AVAILABLE'),(1030,11,'VIP','AVAILABLE'),(1030,12,'VIP','AVAILABLE'),(1030,13,'VIP','AVAILABLE'),(1030,14,'VIP','AVAILABLE'),(1030,15,'VIP','AVAILABLE'),(1030,16,'VIP','AVAILABLE'),(1030,17,'VIP','AVAILABLE'),(1030,18,'VIP','AVAILABLE'),(1030,19,'VIP','AVAILABLE'),(1030,20,'VIP','AVAILABLE'),(1030,21,'VIP','AVAILABLE'),(1030,22,'STANDARD','AVAILABLE'),(1030,23,'STANDARD','AVAILABLE'),(1030,24,'STANDARD','AVAILABLE'),(1030,25,'STANDARD','AVAILABLE'),(1030,26,'STANDARD','AVAILABLE'),(1030,27,'STANDARD','AVAILABLE'),(1030,28,'STANDARD','AVAILABLE'),(1030,29,'STANDARD','AVAILABLE'),(1030,30,'STANDARD','AVAILABLE'),(1030,31,'STANDARD','AVAILABLE'),(1030,32,'STANDARD','AVAILABLE'),(1030,33,'STANDARD','AVAILABLE'),(1030,34,'STANDARD','AVAILABLE'),(1030,35,'STANDARD','AVAILABLE'),(1030,36,'STANDARD','AVAILABLE'),(1030,37,'STANDARD','AVAILABLE'),(1030,38,'STANDARD','AVAILABLE'),(1030,39,'STANDARD','AVAILABLE'),(1030,40,'STANDARD','AVAILABLE'),(1030,41,'STANDARD','AVAILABLE'),(1030,42,'STANDARD','AVAILABLE'),(1030,43,'STANDARD','AVAILABLE'),(1030,44,'STANDARD','AVAILABLE'),(1030,45,'STANDARD','AVAILABLE'),(1030,46,'STANDARD','AVAILABLE'),(1030,47,'STANDARD','AVAILABLE'),(1030,48,'STANDARD','AVAILABLE'),(1030,49,'STANDARD','AVAILABLE'),(1030,50,'STANDARD','AVAILABLE'),(1030,51,'STANDARD','AVAILABLE'),(1030,52,'STANDARD','AVAILABLE'),(1030,53,'STANDARD','AVAILABLE'),(1030,54,'STANDARD','AVAILABLE'),(1030,55,'STANDARD','AVAILABLE'),(1030,56,'STANDARD','AVAILABLE'),(1030,57,'STANDARD','AVAILABLE'),(1030,58,'STANDARD','AVAILABLE'),(1030,59,'STANDARD','AVAILABLE'),(1030,60,'STANDARD','AVAILABLE'),(1030,61,'STANDARD','AVAILABLE'),(1030,352,'STANDARD','AVAILABLE'),(1030,353,'STANDARD','AVAILABLE'),(1030,354,'STANDARD','AVAILABLE'),(1030,355,'STANDARD','AVAILABLE'),(1030,356,'STANDARD','AVAILABLE'),(1030,357,'STANDARD','AVAILABLE'),(1030,358,'STANDARD','AVAILABLE'),(1030,359,'STANDARD','AVAILABLE'),(1030,360,'STANDARD','AVAILABLE'),(1030,361,'STANDARD','AVAILABLE'),(1030,362,'STANDARD','AVAILABLE'),(1030,363,'STANDARD','AVAILABLE'),(1030,364,'STANDARD','AVAILABLE'),(1030,365,'STANDARD','AVAILABLE'),(1030,366,'STANDARD','AVAILABLE'),(1030,367,'STANDARD','AVAILABLE'),(1030,368,'STANDARD','AVAILABLE'),(1030,369,'STANDARD','AVAILABLE'),(1030,370,'STANDARD','AVAILABLE'),(1030,371,'STANDARD','AVAILABLE'),(1030,372,'STANDARD','AVAILABLE'),(1030,373,'STANDARD','AVAILABLE'),(1030,374,'STANDARD','AVAILABLE'),(1030,375,'STANDARD','AVAILABLE'),(1030,376,'STANDARD','AVAILABLE'),(1030,377,'STANDARD','AVAILABLE'),(1030,378,'STANDARD','AVAILABLE'),(1030,379,'STANDARD','AVAILABLE'),(1030,380,'STANDARD','AVAILABLE'),(1030,381,'STANDARD','AVAILABLE'),(1030,382,'STANDARD','AVAILABLE'),(1030,383,'STANDARD','AVAILABLE'),(1030,384,'STANDARD','AVAILABLE'),(1030,385,'STANDARD','AVAILABLE'),(1030,386,'STANDARD','AVAILABLE'),(1030,387,'STANDARD','AVAILABLE'),(1030,388,'STANDARD','AVAILABLE'),(1030,389,'STANDARD','AVAILABLE'),(1030,390,'STANDARD','AVAILABLE'),(1030,391,'STANDARD','AVAILABLE'),(1030,392,'STANDARD','AVAILABLE'),(1030,393,'STANDARD','AVAILABLE'),(1030,394,'STANDARD','AVAILABLE'),(1030,395,'STANDARD','AVAILABLE'),(1030,396,'STANDARD','AVAILABLE'),(1030,397,'STANDARD','AVAILABLE'),(1030,398,'STANDARD','AVAILABLE'),(1030,399,'STANDARD','AVAILABLE'),(1030,400,'STANDARD','AVAILABLE'),(1030,401,'STANDARD','AVAILABLE'),(1030,402,'STANDARD','AVAILABLE'),(1030,403,'STANDARD','AVAILABLE'),(1030,404,'STANDARD','AVAILABLE'),(1030,405,'STANDARD','AVAILABLE'),(1030,406,'STANDARD','AVAILABLE'),(1030,407,'STANDARD','AVAILABLE'),(1030,408,'STANDARD','AVAILABLE'),(1030,409,'STANDARD','AVAILABLE'),(1030,410,'STANDARD','AVAILABLE'),(1030,411,'STANDARD','AVAILABLE'),(1030,412,'STANDARD','AVAILABLE'),(1030,413,'STANDARD','AVAILABLE'),(1030,414,'STANDARD','AVAILABLE'),(1030,415,'STANDARD','AVAILABLE'),(1030,416,'STANDARD','AVAILABLE'),(1030,417,'STANDARD','AVAILABLE'),(1030,418,'STANDARD','AVAILABLE'),(1030,419,'STANDARD','AVAILABLE'),(1030,420,'STANDARD','AVAILABLE'),(1030,421,'STANDARD','AVAILABLE'),(1030,422,'STANDARD','AVAILABLE'),(1030,423,'STANDARD','AVAILABLE'),(1030,424,'STANDARD','AVAILABLE'),(1030,425,'STANDARD','AVAILABLE'),(1030,426,'STANDARD','AVAILABLE'),(1030,427,'STANDARD','AVAILABLE'),(1030,428,'STANDARD','AVAILABLE'),(1030,429,'STANDARD','AVAILABLE'),(1030,430,'STANDARD','AVAILABLE'),(1030,431,'STANDARD','AVAILABLE'),(1030,432,'STANDARD','AVAILABLE'),(1030,433,'STANDARD','AVAILABLE'),(1030,434,'STANDARD','AVAILABLE'),(1030,435,'STANDARD','AVAILABLE'),(1030,436,'STANDARD','AVAILABLE'),(1030,437,'STANDARD','AVAILABLE'),(1030,438,'STANDARD','AVAILABLE'),(1030,439,'STANDARD','AVAILABLE'),(1030,440,'STANDARD','AVAILABLE'),(1030,441,'STANDARD','AVAILABLE'),(1030,442,'STANDARD','AVAILABLE'),(1030,443,'STANDARD','AVAILABLE'),(1030,444,'STANDARD','AVAILABLE'),(1030,445,'STANDARD','AVAILABLE'),(1030,446,'STANDARD','AVAILABLE'),(1030,447,'STANDARD','AVAILABLE'),(1030,448,'STANDARD','AVAILABLE'),(1030,449,'STANDARD','AVAILABLE'),(1030,450,'STANDARD','AVAILABLE'),(1030,451,'STANDARD','AVAILABLE'),(1030,452,'STANDARD','AVAILABLE'),(1030,453,'STANDARD','AVAILABLE'),(1030,454,'STANDARD','AVAILABLE'),(1030,455,'STANDARD','AVAILABLE'),(1030,456,'STANDARD','AVAILABLE'),(1030,457,'STANDARD','AVAILABLE'),(1030,458,'STANDARD','AVAILABLE'),(1030,459,'STANDARD','AVAILABLE'),(1030,460,'STANDARD','AVAILABLE'),(1030,461,'STANDARD','AVAILABLE'),(1030,462,'STANDARD','AVAILABLE'),(1030,463,'STANDARD','AVAILABLE'),(1030,464,'STANDARD','AVAILABLE'),(1030,465,'STANDARD','AVAILABLE'),(1030,466,'STANDARD','AVAILABLE'),(1030,467,'STANDARD','AVAILABLE'),(1030,468,'STANDARD','AVAILABLE'),(1030,469,'STANDARD','AVAILABLE'),(1030,470,'STANDARD','AVAILABLE'),(1030,471,'STANDARD','AVAILABLE'),(1030,472,'STANDARD','AVAILABLE'),(1030,473,'STANDARD','AVAILABLE'),(1030,474,'STANDARD','AVAILABLE'),(1030,475,'STANDARD','AVAILABLE'),(1030,476,'STANDARD','AVAILABLE'),(1030,477,'STANDARD','AVAILABLE'),(1030,478,'STANDARD','AVAILABLE'),(1030,479,'STANDARD','AVAILABLE'),(1030,480,'STANDARD','AVAILABLE'),(1030,481,'STANDARD','AVAILABLE'),(1030,482,'STANDARD','AVAILABLE'),(1030,483,'STANDARD','AVAILABLE'),(1030,484,'STANDARD','AVAILABLE'),(1030,485,'STANDARD','AVAILABLE'),(1030,486,'STANDARD','AVAILABLE'),(1030,487,'STANDARD','AVAILABLE'),(1030,488,'STANDARD','AVAILABLE'),(1030,489,'STANDARD','AVAILABLE'),(1030,490,'STANDARD','AVAILABLE'),(1030,491,'STANDARD','AVAILABLE'),(1030,492,'STANDARD','AVAILABLE'),(1030,493,'STANDARD','AVAILABLE'),(1030,494,'STANDARD','AVAILABLE'),(1030,495,'STANDARD','AVAILABLE'),(1030,496,'STANDARD','AVAILABLE'),(1030,497,'STANDARD','AVAILABLE'),(1030,498,'STANDARD','AVAILABLE'),(1030,499,'STANDARD','AVAILABLE'),(1030,500,'STANDARD','AVAILABLE'),(1030,501,'STANDARD','AVAILABLE'),(1030,502,'STANDARD','AVAILABLE'),(1030,503,'STANDARD','AVAILABLE'),(1030,504,'STANDARD','AVAILABLE'),(1030,505,'STANDARD','AVAILABLE'),(1030,506,'STANDARD','AVAILABLE'),(1030,507,'STANDARD','AVAILABLE'),(1030,508,'STANDARD','AVAILABLE'),(1030,509,'STANDARD','AVAILABLE'),(1030,510,'STANDARD','AVAILABLE'),(1030,511,'STANDARD','AVAILABLE'),(1030,512,'VIP','AVAILABLE'),(1030,513,'VIP','AVAILABLE'),(1030,514,'VIP','AVAILABLE'),(1030,515,'VIP','AVAILABLE'),(1030,516,'VIP','AVAILABLE'),(1030,517,'VIP','AVAILABLE'),(1030,518,'VIP','AVAILABLE'),(1030,519,'VIP','AVAILABLE'),(1030,520,'VIP','AVAILABLE'),(1030,521,'VIP','AVAILABLE'),(1030,522,'VIP','AVAILABLE'),(1030,523,'VIP','AVAILABLE'),(1030,524,'VIP','AVAILABLE'),(1030,525,'VIP','AVAILABLE'),(1030,526,'VIP','AVAILABLE'),(1030,527,'VIP','AVAILABLE'),(1030,528,'VIP','AVAILABLE'),(1030,529,'VIP','AVAILABLE'),(1030,530,'VIP','AVAILABLE'),(1030,531,'VIP','AVAILABLE'),(1030,532,'VIP','AVAILABLE'),(1030,533,'VIP','AVAILABLE'),(1030,534,'VIP','AVAILABLE'),(1030,535,'VIP','AVAILABLE'),(1030,536,'VIP','AVAILABLE'),(1030,537,'VIP','AVAILABLE'),(1030,538,'VIP','AVAILABLE'),(1030,539,'VIP','AVAILABLE'),(1030,540,'VIP','AVAILABLE'),(1030,541,'VIP','AVAILABLE'),(1030,542,'VIP','AVAILABLE'),(1030,543,'VIP','AVAILABLE'),(1030,544,'VIP','AVAILABLE'),(1030,545,'VIP','AVAILABLE'),(1030,546,'VIP','AVAILABLE'),(1030,547,'VIP','AVAILABLE'),(1030,548,'VIP','AVAILABLE'),(1030,549,'VIP','AVAILABLE'),(1030,550,'VIP','AVAILABLE'),(1030,551,'VIP','AVAILABLE'),(1030,552,'VIP','AVAILABLE'),(1030,553,'VIP','AVAILABLE'),(1030,554,'VIP','AVAILABLE'),(1030,555,'VIP','AVAILABLE'),(1030,556,'VIP','AVAILABLE'),(1030,557,'VIP','AVAILABLE'),(1030,558,'VIP','AVAILABLE'),(1030,559,'VIP','AVAILABLE'),(1030,560,'VIP','AVAILABLE'),(1030,561,'VIP','AVAILABLE'),(1030,562,'VIP','AVAILABLE'),(1030,563,'VIP','AVAILABLE'),(1030,564,'VIP','AVAILABLE'),(1030,565,'VIP','AVAILABLE'),(1030,566,'VIP','AVAILABLE'),(1030,567,'VIP','AVAILABLE'),(1030,568,'VIP','AVAILABLE'),(1030,569,'VIP','AVAILABLE'),(1030,570,'VIP','AVAILABLE'),(1030,571,'VIP','AVAILABLE'),(1030,572,'VIP','AVAILABLE'),(1030,573,'VIP','AVAILABLE'),(1030,574,'VIP','AVAILABLE'),(1030,575,'VIP','AVAILABLE'),(1030,576,'VIP','AVAILABLE'),(1030,577,'VIP','AVAILABLE'),(1030,578,'VIP','AVAILABLE'),(1030,579,'VIP','AVAILABLE'),(1030,580,'VIP','AVAILABLE'),(1030,581,'VIP','AVAILABLE'),(1030,582,'VIP','AVAILABLE'),(1030,583,'VIP','AVAILABLE'),(1030,584,'VIP','AVAILABLE'),(1030,585,'VIP','AVAILABLE'),(1030,586,'VIP','AVAILABLE'),(1030,587,'VIP','AVAILABLE'),(1030,588,'VIP','AVAILABLE'),(1030,589,'VIP','AVAILABLE'),(1030,590,'VIP','AVAILABLE'),(1030,591,'VIP','AVAILABLE'),(1031,2,'VIP','AVAILABLE'),(1031,3,'VIP','AVAILABLE'),(1031,4,'VIP','AVAILABLE'),(1031,5,'VIP','AVAILABLE'),(1031,6,'VIP','AVAILABLE'),(1031,7,'VIP','AVAILABLE'),(1031,8,'VIP','AVAILABLE'),(1031,9,'VIP','AVAILABLE'),(1031,10,'VIP','AVAILABLE'),(1031,11,'VIP','AVAILABLE'),(1031,12,'STANDARD','AVAILABLE'),(1031,13,'STANDARD','AVAILABLE'),(1031,14,'STANDARD','AVAILABLE'),(1031,15,'STANDARD','AVAILABLE'),(1031,16,'STANDARD','AVAILABLE'),(1031,17,'STANDARD','AVAILABLE'),(1031,18,'STANDARD','AVAILABLE'),(1031,19,'STANDARD','AVAILABLE'),(1031,20,'STANDARD','AVAILABLE'),(1031,21,'STANDARD','AVAILABLE'),(1032,212,'VIP','AVAILABLE'),(1032,213,'VIP','AVAILABLE'),(1032,214,'VIP','AVAILABLE'),(1032,215,'VIP','AVAILABLE'),(1032,216,'VIP','AVAILABLE'),(1032,217,'VIP','AVAILABLE'),(1032,218,'VIP','AVAILABLE'),(1032,219,'VIP','AVAILABLE'),(1032,220,'VIP','AVAILABLE'),(1032,221,'VIP','AVAILABLE'),(1032,222,'VIP','AVAILABLE'),(1032,223,'VIP','AVAILABLE'),(1032,224,'VIP','AVAILABLE'),(1032,225,'VIP','AVAILABLE'),(1032,226,'VIP','AVAILABLE'),(1032,227,'VIP','AVAILABLE'),(1032,228,'VIP','AVAILABLE'),(1032,229,'VIP','AVAILABLE'),(1032,230,'VIP','AVAILABLE'),(1032,231,'VIP','AVAILABLE'),(1032,232,'VIP','AVAILABLE'),(1032,233,'VIP','AVAILABLE'),(1032,234,'VIP','AVAILABLE'),(1032,235,'VIP','AVAILABLE'),(1032,236,'VIP','AVAILABLE'),(1032,237,'VIP','AVAILABLE'),(1032,238,'VIP','AVAILABLE'),(1032,239,'VIP','AVAILABLE'),(1032,240,'VIP','AVAILABLE'),(1032,241,'VIP','AVAILABLE'),(1032,242,'STANDARD','AVAILABLE'),(1032,243,'STANDARD','AVAILABLE'),(1032,244,'STANDARD','AVAILABLE'),(1032,245,'STANDARD','AVAILABLE'),(1032,246,'STANDARD','AVAILABLE'),(1032,247,'STANDARD','AVAILABLE'),(1032,248,'STANDARD','AVAILABLE'),(1032,249,'STANDARD','AVAILABLE'),(1032,250,'STANDARD','AVAILABLE'),(1032,251,'STANDARD','AVAILABLE'),(1032,252,'STANDARD','AVAILABLE'),(1032,253,'STANDARD','AVAILABLE'),(1032,254,'STANDARD','AVAILABLE'),(1032,255,'STANDARD','AVAILABLE'),(1032,256,'STANDARD','AVAILABLE'),(1032,257,'STANDARD','AVAILABLE'),(1032,258,'STANDARD','AVAILABLE'),(1032,259,'STANDARD','AVAILABLE'),(1032,260,'STANDARD','AVAILABLE'),(1032,261,'STANDARD','AVAILABLE'),(1032,262,'STANDARD','AVAILABLE'),(1032,263,'STANDARD','AVAILABLE'),(1032,264,'STANDARD','AVAILABLE'),(1032,265,'STANDARD','AVAILABLE'),(1032,266,'STANDARD','AVAILABLE'),(1032,267,'STANDARD','AVAILABLE'),(1032,268,'STANDARD','AVAILABLE'),(1032,269,'STANDARD','AVAILABLE'),(1032,270,'STANDARD','AVAILABLE'),(1032,271,'STANDARD','AVAILABLE'),(1032,272,'STANDARD','AVAILABLE'),(1032,273,'STANDARD','AVAILABLE'),(1032,274,'STANDARD','AVAILABLE'),(1032,275,'STANDARD','AVAILABLE'),(1032,276,'STANDARD','AVAILABLE'),(1032,277,'STANDARD','AVAILABLE'),(1032,278,'STANDARD','AVAILABLE'),(1032,279,'STANDARD','AVAILABLE'),(1032,280,'STANDARD','AVAILABLE'),(1032,281,'STANDARD','AVAILABLE'),(1032,282,'STANDARD','AVAILABLE'),(1032,283,'STANDARD','AVAILABLE'),(1032,284,'STANDARD','AVAILABLE'),(1032,285,'STANDARD','AVAILABLE'),(1032,286,'STANDARD','AVAILABLE'),(1032,287,'STANDARD','AVAILABLE'),(1032,288,'STANDARD','AVAILABLE'),(1032,289,'STANDARD','AVAILABLE'),(1032,290,'STANDARD','AVAILABLE'),(1032,291,'STANDARD','AVAILABLE'),(1032,292,'STANDARD','AVAILABLE'),(1032,293,'STANDARD','AVAILABLE'),(1032,294,'STANDARD','AVAILABLE'),(1032,295,'STANDARD','AVAILABLE'),(1032,296,'STANDARD','AVAILABLE'),(1032,297,'STANDARD','AVAILABLE'),(1032,298,'STANDARD','AVAILABLE'),(1032,299,'STANDARD','AVAILABLE'),(1032,300,'STANDARD','AVAILABLE'),(1032,301,'STANDARD','AVAILABLE'),(1032,302,'STANDARD','AVAILABLE'),(1032,303,'STANDARD','AVAILABLE'),(1032,304,'STANDARD','AVAILABLE'),(1032,305,'STANDARD','AVAILABLE'),(1032,306,'STANDARD','AVAILABLE'),(1032,307,'STANDARD','AVAILABLE'),(1032,308,'STANDARD','AVAILABLE'),(1032,309,'STANDARD','AVAILABLE'),(1032,310,'STANDARD','AVAILABLE'),(1032,311,'STANDARD','AVAILABLE'),(1039,212,'VIP','AVAILABLE'),(1039,213,'VIP','AVAILABLE'),(1039,214,'VIP','AVAILABLE'),(1039,215,'VIP','AVAILABLE'),(1039,216,'VIP','AVAILABLE'),(1039,217,'VIP','AVAILABLE'),(1039,218,'VIP','AVAILABLE'),(1039,219,'VIP','AVAILABLE'),(1039,220,'VIP','AVAILABLE'),(1039,221,'VIP','AVAILABLE'),(1039,222,'VIP','AVAILABLE'),(1039,223,'VIP','AVAILABLE'),(1039,224,'VIP','AVAILABLE'),(1039,225,'VIP','AVAILABLE'),(1039,226,'VIP','AVAILABLE'),(1039,227,'VIP','AVAILABLE'),(1039,228,'VIP','AVAILABLE'),(1039,229,'VIP','AVAILABLE'),(1039,230,'VIP','AVAILABLE'),(1039,231,'VIP','AVAILABLE'),(1039,232,'VIP','AVAILABLE'),(1039,233,'VIP','AVAILABLE'),(1039,234,'VIP','AVAILABLE'),(1039,235,'VIP','AVAILABLE'),(1039,236,'VIP','AVAILABLE'),(1039,237,'VIP','AVAILABLE'),(1039,238,'VIP','AVAILABLE'),(1039,239,'VIP','AVAILABLE'),(1039,240,'VIP','AVAILABLE'),(1039,241,'VIP','AVAILABLE'),(1039,242,'STANDARD','AVAILABLE'),(1039,243,'STANDARD','AVAILABLE'),(1039,244,'STANDARD','AVAILABLE'),(1039,245,'STANDARD','AVAILABLE'),(1039,246,'STANDARD','AVAILABLE'),(1039,247,'STANDARD','AVAILABLE'),(1039,248,'STANDARD','AVAILABLE'),(1039,249,'STANDARD','AVAILABLE'),(1039,250,'STANDARD','AVAILABLE'),(1039,251,'STANDARD','AVAILABLE'),(1039,252,'STANDARD','AVAILABLE'),(1039,253,'STANDARD','AVAILABLE'),(1039,254,'STANDARD','AVAILABLE'),(1039,255,'STANDARD','AVAILABLE'),(1039,256,'STANDARD','AVAILABLE'),(1039,257,'STANDARD','AVAILABLE'),(1039,258,'STANDARD','AVAILABLE'),(1039,259,'STANDARD','AVAILABLE'),(1039,260,'STANDARD','AVAILABLE'),(1039,261,'STANDARD','AVAILABLE'),(1039,262,'STANDARD','AVAILABLE'),(1039,263,'STANDARD','AVAILABLE'),(1039,264,'STANDARD','AVAILABLE'),(1039,265,'STANDARD','AVAILABLE'),(1039,266,'STANDARD','AVAILABLE'),(1039,267,'STANDARD','AVAILABLE'),(1039,268,'STANDARD','AVAILABLE'),(1039,269,'STANDARD','AVAILABLE'),(1039,270,'STANDARD','AVAILABLE'),(1039,271,'STANDARD','AVAILABLE'),(1039,272,'STANDARD','AVAILABLE'),(1039,273,'STANDARD','AVAILABLE'),(1039,274,'STANDARD','AVAILABLE'),(1039,275,'STANDARD','AVAILABLE'),(1039,276,'STANDARD','AVAILABLE'),(1039,277,'STANDARD','AVAILABLE'),(1039,278,'STANDARD','AVAILABLE'),(1039,279,'STANDARD','AVAILABLE'),(1039,280,'STANDARD','AVAILABLE'),(1039,281,'STANDARD','AVAILABLE'),(1039,282,'STANDARD','AVAILABLE'),(1039,283,'STANDARD','AVAILABLE'),(1039,284,'STANDARD','AVAILABLE'),(1039,285,'STANDARD','AVAILABLE'),(1039,286,'STANDARD','AVAILABLE'),(1039,287,'STANDARD','AVAILABLE'),(1039,288,'STANDARD','AVAILABLE'),(1039,289,'STANDARD','AVAILABLE'),(1039,290,'STANDARD','AVAILABLE'),(1039,291,'STANDARD','AVAILABLE'),(1039,292,'STANDARD','AVAILABLE'),(1039,293,'STANDARD','AVAILABLE'),(1039,294,'STANDARD','AVAILABLE'),(1039,295,'STANDARD','AVAILABLE'),(1039,296,'STANDARD','AVAILABLE'),(1039,297,'STANDARD','AVAILABLE'),(1039,298,'STANDARD','AVAILABLE'),(1039,299,'STANDARD','AVAILABLE'),(1039,300,'STANDARD','AVAILABLE'),(1039,301,'STANDARD','AVAILABLE');
/*!40000 ALTER TABLE `event_seat_layout` ENABLE KEYS */;
UNLOCK TABLES;

--
-- Table structure for table `notification`
--

DROP TABLE IF EXISTS `notification`;
/*!40101 SET @saved_cs_client     = @@character_set_client */;
/*!50503 SET character_set_client = utf8mb4 */;
CREATE TABLE `notification` (
  `notification_id` int NOT NULL AUTO_INCREMENT,
  `user_id` int NOT NULL,
  `message` text CHARACTER SET utf8mb4 COLLATE utf8mb4_unicode_ci NOT NULL,
  `is_read` tinyint(1) DEFAULT '0' COMMENT '0: Chưa đọc, 1: Đã đọc',
  `created_at` datetime(6) DEFAULT CURRENT_TIMESTAMP(6),
  PRIMARY KEY (`notification_id`),
  KEY `FK_Notification_User` (`user_id`),
  CONSTRAINT `FK_Notification_User` FOREIGN KEY (`user_id`) REFERENCES `users` (`user_id`)
) ENGINE=InnoDB AUTO_INCREMENT=5 DEFAULT CHARSET=utf8mb4 COLLATE=utf8mb4_unicode_ci;
/*!40101 SET character_set_client = @saved_cs_client */;

--
-- Dumping data for table `notification`
--

LOCK TABLES `notification` WRITE;
/*!40000 ALTER TABLE `notification` DISABLE KEYS */;
INSERT INTO `notification` VALUES (1,18,'? Thông báo: Yêu cầu \'Career Move\' đã được rút lại thành công.',1,'2026-02-09 19:34:01.000000'),(2,18,'? Thông báo: Yêu cầu \'Career Move\' đã được rút lại thành công.',1,'2026-02-10 15:13:31.000000'),(3,18,'? Thông báo: Yêu cầu \'\' đã được rút lại thành công.',1,'2026-02-10 16:47:42.000000'),(4,18,'? Thông báo: Yêu cầu \'\' đã được hủy.',1,'2026-02-10 17:37:40.000000');
/*!40000 ALTER TABLE `notification` ENABLE KEYS */;
UNLOCK TABLES;

--
-- Table structure for table `report`
--

DROP TABLE IF EXISTS `report`;
/*!40101 SET @saved_cs_client     = @@character_set_client */;
/*!50503 SET character_set_client = utf8mb4 */;
CREATE TABLE `report` (
  `report_id` int NOT NULL AUTO_INCREMENT,
  `user_id` int NOT NULL,
  `ticket_id` int NOT NULL,
  `title` varchar(200) COLLATE utf8mb4_unicode_ci DEFAULT NULL,
  `description` varchar(2000) COLLATE utf8mb4_unicode_ci NOT NULL,
  `image_url` varchar(500) COLLATE utf8mb4_unicode_ci DEFAULT NULL,
  `created_at` datetime(6) DEFAULT CURRENT_TIMESTAMP(6),
  `status` enum('PENDING','APPROVED','REJECTED','CANCELLED') COLLATE utf8mb4_unicode_ci DEFAULT 'PENDING',
  `processed_by` int DEFAULT NULL,
  `processed_at` datetime(6) DEFAULT NULL,
  `refund_amount` decimal(18,2) DEFAULT NULL,
  `staff_note` varchar(1000) COLLATE utf8mb4_unicode_ci DEFAULT NULL,
  PRIMARY KEY (`report_id`),
  KEY `FK_Report_ProcessedBy` (`processed_by`),
  KEY `FK_Report_Ticket` (`ticket_id`),
  KEY `FK_Report_User` (`user_id`),
  CONSTRAINT `FK_Report_ProcessedBy` FOREIGN KEY (`processed_by`) REFERENCES `users` (`user_id`),
  CONSTRAINT `FK_Report_Ticket` FOREIGN KEY (`ticket_id`) REFERENCES `ticket` (`ticket_id`),
  CONSTRAINT `FK_Report_User` FOREIGN KEY (`user_id`) REFERENCES `users` (`user_id`)
) ENGINE=InnoDB AUTO_INCREMENT=5 DEFAULT CHARSET=utf8mb4 COLLATE=utf8mb4_unicode_ci;
/*!40101 SET character_set_client = @saved_cs_client */;

--
-- Dumping data for table `report`
--

LOCK TABLES `report` WRITE;
/*!40000 ALTER TABLE `report` DISABLE KEYS */;
INSERT INTO `report` VALUES (2,7,161,'Ghế hỏng','Ghế Hỏng','https://oihlyoeuwpcfnoywboyg.supabase.co/storage/v1/object/public/user-uploads/1766384617453-b94sn2.jfif','2025-12-22 06:23:40.852733','APPROVED',4,'2025-12-22 06:56:46.085296',200000.00,'Đồng ý hoàn tiền'),(3,11,251,'Ghế bị hỏng','Ghế bị hỏng','','2026-02-10 16:01:07.442595','APPROVED',4,'2026-02-10 16:02:52.000000',150000.00,'Ok đã duyệt'),(4,11,262,'Ghế bị hỏng','Tôi mới vừa check in vô thì thấy ghế ngồi tôi bị dơ và rách rất nhiều.','https://ivsxpvqdxzcjetdohsfc.supabase.co/storage/v1/object/public/user-uploads/1770968641014-2j0wxp.png','2026-02-13 14:44:50.273316','APPROVED',4,'2026-02-13 07:46:23.000000',150000.00,'OK bạn sẽ được hoàn tiền về');
/*!40000 ALTER TABLE `report` ENABLE KEYS */;
UNLOCK TABLES;

--
-- Table structure for table `seat`
--

DROP TABLE IF EXISTS `seat`;
/*!40101 SET @saved_cs_client     = @@character_set_client */;
/*!50503 SET character_set_client = utf8mb4 */;
CREATE TABLE `seat` (
  `seat_id` int NOT NULL AUTO_INCREMENT,
  `seat_code` varchar(20) COLLATE utf8mb4_unicode_ci NOT NULL,
  `row_no` varchar(10) COLLATE utf8mb4_unicode_ci DEFAULT NULL,
  `col_no` varchar(10) COLLATE utf8mb4_unicode_ci DEFAULT NULL,
  `status` enum('ACTIVE','INACTIVE') COLLATE utf8mb4_unicode_ci DEFAULT 'ACTIVE',
  `area_id` int NOT NULL,
  `category_ticket_id` int DEFAULT NULL,
  PRIMARY KEY (`seat_id`),
  UNIQUE KEY `UQ_Seat_Area_SeatCode` (`area_id`,`seat_code`),
  KEY `fk_seat_category` (`category_ticket_id`),
  CONSTRAINT `FK_Seat_Area` FOREIGN KEY (`area_id`) REFERENCES `venue_area` (`area_id`),
  CONSTRAINT `fk_seat_category` FOREIGN KEY (`category_ticket_id`) REFERENCES `category_ticket` (`category_ticket_id`) ON DELETE SET NULL
) ENGINE=InnoDB AUTO_INCREMENT=1460 DEFAULT CHARSET=utf8mb4 COLLATE=utf8mb4_unicode_ci;
/*!40101 SET character_set_client = @saved_cs_client */;

--
-- Dumping data for table `seat`
--

LOCK TABLES `seat` WRITE;
/*!40000 ALTER TABLE `seat` DISABLE KEYS */;
INSERT INTO `seat` VALUES (2,'A1','A','1','ACTIVE',1,1112),(3,'A2','A','2','ACTIVE',1,1112),(4,'A3','A','3','ACTIVE',1,1112),(5,'A4','A','4','ACTIVE',1,1112),(6,'A5','A','5','ACTIVE',1,1112),(7,'A6','A','6','ACTIVE',1,1112),(8,'A7','A','7','ACTIVE',1,1112),(9,'A8','A','8','ACTIVE',1,1112),(10,'A9','A','9','ACTIVE',1,1112),(11,'A10','A','10','ACTIVE',1,1112),(12,'B1','B','1','ACTIVE',1,1111),(13,'B2','B','2','ACTIVE',1,1111),(14,'B3','B','3','ACTIVE',1,1111),(15,'B4','B','4','ACTIVE',1,1111),(16,'B5','B','5','ACTIVE',1,1111),(17,'B6','B','6','ACTIVE',1,1111),(18,'B7','B','7','ACTIVE',1,1111),(19,'B8','B','8','ACTIVE',1,1111),(20,'B9','B','9','ACTIVE',1,1111),(21,'B10','B','10','ACTIVE',1,1111),(22,'C1','C','1','ACTIVE',1,1111),(23,'C2','C','2','ACTIVE',1,1111),(24,'C3','C','3','ACTIVE',1,1111),(25,'C4','C','4','ACTIVE',1,1111),(26,'C5','C','5','ACTIVE',1,1111),(27,'C6','C','6','ACTIVE',1,1111),(28,'C7','C','7','ACTIVE',1,1111),(29,'C8','C','8','ACTIVE',1,1111),(30,'C9','C','9','ACTIVE',1,1111),(31,'C10','C','10','ACTIVE',1,1111),(32,'D1','D','1','ACTIVE',1,1111),(33,'D2','D','2','ACTIVE',1,1111),(34,'D3','D','3','ACTIVE',1,1111),(35,'D4','D','4','ACTIVE',1,1111),(36,'D5','D','5','ACTIVE',1,1111),(37,'D6','D','6','ACTIVE',1,1111),(38,'D7','D','7','ACTIVE',1,1111),(39,'D8','D','8','ACTIVE',1,1111),(40,'D9','D','9','ACTIVE',1,1111),(41,'D10','D','10','ACTIVE',1,1111),(42,'E1','E','1','ACTIVE',1,1111),(43,'E2','E','2','ACTIVE',1,1111),(44,'E3','E','3','ACTIVE',1,1111),(45,'E4','E','4','ACTIVE',1,1111),(46,'E5','E','5','ACTIVE',1,1111),(47,'E6','E','6','ACTIVE',1,1111),(48,'E7','E','7','ACTIVE',1,1111),(49,'E8','E','8','ACTIVE',1,1111),(50,'E9','E','9','ACTIVE',1,1111),(51,'E10','E','10','ACTIVE',1,1111),(52,'F1','F','1','ACTIVE',1,1111),(53,'F2','F','2','ACTIVE',1,1111),(54,'F3','F','3','ACTIVE',1,1111),(55,'F4','F','4','ACTIVE',1,1111),(56,'F5','F','5','ACTIVE',1,1111),(57,'F6','F','6','ACTIVE',1,1111),(58,'F7','F','7','ACTIVE',1,1111),(59,'F8','F','8','ACTIVE',1,1111),(60,'F9','F','9','ACTIVE',1,1111),(61,'F10','F','10','ACTIVE',1,1111),(62,'A1','A','1','ACTIVE',6,NULL),(63,'A2','A','2','ACTIVE',6,NULL),(64,'A3','A','3','ACTIVE',6,NULL),(65,'A4','A','4','ACTIVE',6,NULL),(66,'A5','A','5','ACTIVE',6,NULL),(67,'A6','A','6','ACTIVE',6,NULL),(68,'A7','A','7','ACTIVE',6,NULL),(69,'A8','A','8','ACTIVE',6,NULL),(70,'A9','A','9','ACTIVE',6,NULL),(71,'A10','A','10','ACTIVE',6,NULL),(72,'B1','B','1','ACTIVE',6,NULL),(73,'B2','B','2','ACTIVE',6,NULL),(74,'B3','B','3','ACTIVE',6,NULL),(75,'B4','B','4','ACTIVE',6,NULL),(76,'B5','B','5','ACTIVE',6,NULL),(77,'B6','B','6','ACTIVE',6,NULL),(78,'B7','B','7','ACTIVE',6,NULL),(79,'B8','B','8','ACTIVE',6,NULL),(80,'B9','B','9','ACTIVE',6,NULL),(81,'B10','B','10','ACTIVE',6,NULL),(82,'C1','C','1','ACTIVE',6,NULL),(83,'C2','C','2','ACTIVE',6,NULL),(84,'C3','C','3','ACTIVE',6,NULL),(85,'C4','C','4','ACTIVE',6,NULL),(86,'C5','C','5','ACTIVE',6,NULL),(87,'C6','C','6','ACTIVE',6,NULL),(88,'C7','C','7','ACTIVE',6,NULL),(89,'C8','C','8','ACTIVE',6,NULL),(90,'C9','C','9','ACTIVE',6,NULL),(91,'C10','C','10','ACTIVE',6,NULL),(92,'D1','D','1','ACTIVE',6,NULL),(93,'D2','D','2','ACTIVE',6,NULL),(94,'D3','D','3','ACTIVE',6,NULL),(95,'D4','D','4','ACTIVE',6,NULL),(96,'D5','D','5','ACTIVE',6,NULL),(97,'D6','D','6','ACTIVE',6,NULL),(98,'D7','D','7','ACTIVE',6,NULL),(99,'D8','D','8','ACTIVE',6,NULL),(100,'D9','D','9','ACTIVE',6,NULL),(101,'D10','D','10','ACTIVE',6,NULL),(102,'E1','E','1','ACTIVE',6,NULL),(103,'E2','E','2','ACTIVE',6,NULL),(104,'E3','E','3','ACTIVE',6,NULL),(105,'E4','E','4','ACTIVE',6,NULL),(106,'E5','E','5','ACTIVE',6,NULL),(107,'E6','E','6','ACTIVE',6,NULL),(108,'E7','E','7','ACTIVE',6,NULL),(109,'E8','E','8','ACTIVE',6,NULL),(110,'E9','E','9','ACTIVE',6,NULL),(111,'E10','E','10','ACTIVE',6,NULL),(112,'A1','A','1','ACTIVE',7,NULL),(113,'A2','A','2','ACTIVE',7,NULL),(114,'A3','A','3','ACTIVE',7,NULL),(115,'A4','A','4','ACTIVE',7,NULL),(116,'A5','A','5','ACTIVE',7,NULL),(117,'A6','A','6','ACTIVE',7,NULL),(118,'A7','A','7','ACTIVE',7,NULL),(119,'A8','A','8','ACTIVE',7,NULL),(120,'A9','A','9','ACTIVE',7,NULL),(121,'A10','A','10','ACTIVE',7,NULL),(122,'B1','B','1','ACTIVE',7,NULL),(123,'B2','B','2','ACTIVE',7,NULL),(124,'B3','B','3','ACTIVE',7,NULL),(125,'B4','B','4','ACTIVE',7,NULL),(126,'B5','B','5','ACTIVE',7,NULL),(127,'B6','B','6','ACTIVE',7,NULL),(128,'B7','B','7','ACTIVE',7,NULL),(129,'B8','B','8','ACTIVE',7,NULL),(130,'B9','B','9','ACTIVE',7,NULL),(131,'B10','B','10','ACTIVE',7,NULL),(132,'C1','C','1','ACTIVE',7,NULL),(133,'C2','C','2','ACTIVE',7,NULL),(134,'C3','C','3','ACTIVE',7,NULL),(135,'C4','C','4','ACTIVE',7,NULL),(136,'C5','C','5','ACTIVE',7,NULL),(137,'C6','C','6','ACTIVE',7,NULL),(138,'C7','C','7','ACTIVE',7,NULL),(139,'C8','C','8','ACTIVE',7,NULL),(140,'C9','C','9','ACTIVE',7,NULL),(141,'C10','C','10','ACTIVE',7,NULL),(142,'D1','D','1','ACTIVE',7,NULL),(143,'D2','D','2','ACTIVE',7,NULL),(144,'D3','D','3','ACTIVE',7,NULL),(145,'D4','D','4','ACTIVE',7,NULL),(146,'D5','D','5','ACTIVE',7,NULL),(147,'D6','D','6','ACTIVE',7,NULL),(148,'D7','D','7','ACTIVE',7,NULL),(149,'D8','D','8','ACTIVE',7,NULL),(150,'D9','D','9','ACTIVE',7,NULL),(151,'D10','D','10','ACTIVE',7,NULL),(152,'E1','E','1','ACTIVE',7,NULL),(153,'E2','E','2','ACTIVE',7,NULL),(154,'E3','E','3','ACTIVE',7,NULL),(155,'E4','E','4','ACTIVE',7,NULL),(156,'E5','E','5','ACTIVE',7,NULL),(157,'E6','E','6','ACTIVE',7,NULL),(158,'E7','E','7','ACTIVE',7,NULL),(159,'E8','E','8','ACTIVE',7,NULL),(160,'E9','E','9','ACTIVE',7,NULL),(161,'E10','E','10','ACTIVE',7,NULL),(162,'F1','F','1','ACTIVE',7,NULL),(163,'F2','F','2','ACTIVE',7,NULL),(164,'F3','F','3','ACTIVE',7,NULL),(165,'F4','F','4','ACTIVE',7,NULL),(166,'F5','F','5','ACTIVE',7,NULL),(167,'F6','F','6','ACTIVE',7,NULL),(168,'F7','F','7','ACTIVE',7,NULL),(169,'F8','F','8','ACTIVE',7,NULL),(170,'F9','F','9','ACTIVE',7,NULL),(171,'F10','F','10','ACTIVE',7,NULL),(172,'G1','G','1','ACTIVE',7,NULL),(173,'G2','G','2','ACTIVE',7,NULL),(174,'G3','G','3','ACTIVE',7,NULL),(175,'G4','G','4','ACTIVE',7,NULL),(176,'G5','G','5','ACTIVE',7,NULL),(177,'G6','G','6','ACTIVE',7,NULL),(178,'G7','G','7','ACTIVE',7,NULL),(179,'G8','G','8','ACTIVE',7,NULL),(180,'G9','G','9','ACTIVE',7,NULL),(181,'G10','G','10','ACTIVE',7,NULL),(182,'H1','H','1','ACTIVE',7,NULL),(183,'H2','H','2','ACTIVE',7,NULL),(184,'H3','H','3','ACTIVE',7,NULL),(185,'H4','H','4','ACTIVE',7,NULL),(186,'H5','H','5','ACTIVE',7,NULL),(187,'H6','H','6','ACTIVE',7,NULL),(188,'H7','H','7','ACTIVE',7,NULL),(189,'H8','H','8','ACTIVE',7,NULL),(190,'H9','H','9','ACTIVE',7,NULL),(191,'H10','H','10','ACTIVE',7,NULL),(192,'I1','I','1','ACTIVE',7,NULL),(193,'I2','I','2','ACTIVE',7,NULL),(194,'I3','I','3','ACTIVE',7,NULL),(195,'I4','I','4','ACTIVE',7,NULL),(196,'I5','I','5','ACTIVE',7,NULL),(197,'I6','I','6','ACTIVE',7,NULL),(198,'I7','I','7','ACTIVE',7,NULL),(199,'I8','I','8','ACTIVE',7,NULL),(200,'I9','I','9','ACTIVE',7,NULL),(201,'I10','I','10','ACTIVE',7,NULL),(202,'J1','J','1','ACTIVE',7,NULL),(203,'J2','J','2','ACTIVE',7,NULL),(204,'J3','J','3','ACTIVE',7,NULL),(205,'J4','J','4','ACTIVE',7,NULL),(206,'J5','J','5','ACTIVE',7,NULL),(207,'J6','J','6','ACTIVE',7,NULL),(208,'J7','J','7','ACTIVE',7,NULL),(209,'J8','J','8','ACTIVE',7,NULL),(210,'J9','J','9','ACTIVE',7,NULL),(211,'J10','J','10','ACTIVE',7,NULL),(212,'A1','A','1','ACTIVE',8,1074),(213,'A2','A','2','ACTIVE',8,1074),(214,'A3','A','3','ACTIVE',8,1074),(215,'A4','A','4','ACTIVE',8,1074),(216,'A5','A','5','ACTIVE',8,1074),(217,'A6','A','6','ACTIVE',8,1074),(218,'A7','A','7','ACTIVE',8,1074),(219,'A8','A','8','ACTIVE',8,1074),(220,'A9','A','9','ACTIVE',8,1074),(221,'A10','A','10','ACTIVE',8,1074),(222,'B1','B','1','ACTIVE',8,1074),(223,'B2','B','2','ACTIVE',8,1074),(224,'B3','B','3','ACTIVE',8,1074),(225,'B4','B','4','ACTIVE',8,1074),(226,'B5','B','5','ACTIVE',8,1074),(227,'B6','B','6','ACTIVE',8,1074),(228,'B7','B','7','ACTIVE',8,1074),(229,'B8','B','8','ACTIVE',8,1074),(230,'B9','B','9','ACTIVE',8,1074),(231,'B10','B','10','ACTIVE',8,1074),(232,'C1','C','1','ACTIVE',8,1074),(233,'C2','C','2','ACTIVE',8,1074),(234,'C3','C','3','ACTIVE',8,1074),(235,'C4','C','4','ACTIVE',8,1074),(236,'C5','C','5','ACTIVE',8,1074),(237,'C6','C','6','ACTIVE',8,1074),(238,'C7','C','7','ACTIVE',8,1074),(239,'C8','C','8','ACTIVE',8,1074),(240,'C9','C','9','ACTIVE',8,1074),(241,'C10','C','10','ACTIVE',8,1074),(242,'D1','D','1','ACTIVE',8,1073),(243,'D2','D','2','ACTIVE',8,1073),(244,'D3','D','3','ACTIVE',8,1073),(245,'D4','D','4','ACTIVE',8,1073),(246,'D5','D','5','ACTIVE',8,1073),(247,'D6','D','6','ACTIVE',8,1073),(248,'D7','D','7','ACTIVE',8,1073),(249,'D8','D','8','ACTIVE',8,1073),(250,'D9','D','9','ACTIVE',8,1073),(251,'D10','D','10','ACTIVE',8,1073),(252,'E1','E','1','ACTIVE',8,1073),(253,'E2','E','2','ACTIVE',8,1073),(254,'E3','E','3','ACTIVE',8,1073),(255,'E4','E','4','ACTIVE',8,1073),(256,'E5','E','5','ACTIVE',8,1073),(257,'E6','E','6','ACTIVE',8,1073),(258,'E7','E','7','ACTIVE',8,1073),(259,'E8','E','8','ACTIVE',8,1073),(260,'E9','E','9','ACTIVE',8,1073),(261,'E10','E','10','ACTIVE',8,1073),(262,'F1','F','1','ACTIVE',8,1073),(263,'F2','F','2','ACTIVE',8,1073),(264,'F3','F','3','ACTIVE',8,1073),(265,'F4','F','4','ACTIVE',8,1073),(266,'F5','F','5','ACTIVE',8,1073),(267,'F6','F','6','ACTIVE',8,1073),(268,'F7','F','7','ACTIVE',8,1073),(269,'F8','F','8','ACTIVE',8,1073),(270,'F9','F','9','ACTIVE',8,1073),(271,'F10','F','10','ACTIVE',8,1073),(272,'G1','G','1','ACTIVE',8,1073),(273,'G2','G','2','ACTIVE',8,1073),(274,'G3','G','3','ACTIVE',8,1073),(275,'G4','G','4','ACTIVE',8,1073),(276,'G5','G','5','ACTIVE',8,1073),(277,'G6','G','6','ACTIVE',8,1073),(278,'G7','G','7','ACTIVE',8,1073),(279,'G8','G','8','ACTIVE',8,1073),(280,'G9','G','9','ACTIVE',8,1073),(281,'G10','G','10','ACTIVE',8,1073),(282,'H1','H','1','ACTIVE',8,1073),(283,'H2','H','2','ACTIVE',8,1073),(284,'H3','H','3','ACTIVE',8,1073),(285,'H4','H','4','ACTIVE',8,1073),(286,'H5','H','5','ACTIVE',8,1073),(287,'H6','H','6','ACTIVE',8,1073),(288,'H7','H','7','ACTIVE',8,1073),(289,'H8','H','8','ACTIVE',8,1073),(290,'H9','H','9','ACTIVE',8,1073),(291,'H10','H','10','ACTIVE',8,1073),(292,'I1','I','1','ACTIVE',8,1073),(293,'I2','I','2','ACTIVE',8,1073),(294,'I3','I','3','ACTIVE',8,1073),(295,'I4','I','4','ACTIVE',8,1073),(296,'I5','I','5','ACTIVE',8,1073),(297,'I6','I','6','ACTIVE',8,1073),(298,'I7','I','7','ACTIVE',8,1073),(299,'I8','I','8','ACTIVE',8,1073),(300,'I9','I','9','ACTIVE',8,1073),(301,'I10','I','10','ACTIVE',8,1073),(302,'J1','J','1','ACTIVE',8,NULL),(303,'J2','J','2','ACTIVE',8,NULL),(304,'J3','J','3','ACTIVE',8,NULL),(305,'J4','J','4','ACTIVE',8,NULL),(306,'J5','J','5','ACTIVE',8,NULL),(307,'J6','J','6','ACTIVE',8,NULL),(308,'J7','J','7','ACTIVE',8,NULL),(309,'J8','J','8','ACTIVE',8,NULL),(310,'J9','J','9','ACTIVE',8,NULL),(311,'J10','J','10','ACTIVE',8,NULL),(312,'A1','A','1','ACTIVE',9,NULL),(313,'A2','A','2','ACTIVE',9,NULL),(314,'A3','A','3','ACTIVE',9,NULL),(315,'A4','A','4','ACTIVE',9,NULL),(316,'A5','A','5','ACTIVE',9,NULL),(317,'A6','A','6','ACTIVE',9,NULL),(318,'A7','A','7','ACTIVE',9,NULL),(319,'A8','A','8','ACTIVE',9,NULL),(320,'A9','A','9','ACTIVE',9,NULL),(321,'A10','A','10','ACTIVE',9,NULL),(322,'B1','B','1','ACTIVE',9,NULL),(323,'B2','B','2','ACTIVE',9,NULL),(324,'B3','B','3','ACTIVE',9,NULL),(325,'B4','B','4','ACTIVE',9,NULL),(326,'B5','B','5','ACTIVE',9,NULL),(327,'B6','B','6','ACTIVE',9,NULL),(328,'B7','B','7','ACTIVE',9,NULL),(329,'B8','B','8','ACTIVE',9,NULL),(330,'B9','B','9','ACTIVE',9,NULL),(331,'B10','B','10','ACTIVE',9,NULL),(332,'C1','C','1','ACTIVE',9,NULL),(333,'C2','C','2','ACTIVE',9,NULL),(334,'C3','C','3','ACTIVE',9,NULL),(335,'C4','C','4','ACTIVE',9,NULL),(336,'C5','C','5','ACTIVE',9,NULL),(337,'C6','C','6','ACTIVE',9,NULL),(338,'C7','C','7','ACTIVE',9,NULL),(339,'C8','C','8','ACTIVE',9,NULL),(340,'C9','C','9','ACTIVE',9,NULL),(341,'C10','C','10','ACTIVE',9,NULL),(342,'D1','D','1','ACTIVE',9,NULL),(343,'D2','D','2','ACTIVE',9,NULL),(344,'D3','D','3','ACTIVE',9,NULL),(345,'D4','D','4','ACTIVE',9,NULL),(346,'D5','D','5','ACTIVE',9,NULL),(347,'D6','D','6','ACTIVE',9,NULL),(348,'D7','D','7','ACTIVE',9,NULL),(349,'D8','D','8','ACTIVE',9,NULL),(350,'D9','D','9','ACTIVE',9,NULL),(351,'D10','D','10','ACTIVE',9,NULL),(352,'K1','K','1','ACTIVE',1,1111),(353,'K2','K','2','ACTIVE',1,1111),(354,'K3','K','3','ACTIVE',1,1111),(355,'K4','K','4','ACTIVE',1,1111),(356,'K5','K','5','ACTIVE',1,1111),(357,'K6','K','6','ACTIVE',1,1111),(358,'K7','K','7','ACTIVE',1,1111),(359,'K8','K','8','ACTIVE',1,1111),(360,'K9','K','9','ACTIVE',1,1111),(361,'K10','K','10','ACTIVE',1,1111),(362,'L1','L','1','ACTIVE',1,NULL),(363,'L2','L','2','ACTIVE',1,NULL),(364,'L3','L','3','ACTIVE',1,NULL),(365,'L4','L','4','ACTIVE',1,NULL),(366,'L5','L','5','ACTIVE',1,NULL),(367,'L6','L','6','ACTIVE',1,NULL),(368,'L7','L','7','ACTIVE',1,NULL),(369,'L8','L','8','ACTIVE',1,NULL),(370,'L9','L','9','ACTIVE',1,NULL),(371,'L10','L','10','ACTIVE',1,NULL),(372,'M1','M','1','ACTIVE',1,NULL),(373,'M2','M','2','ACTIVE',1,NULL),(374,'M3','M','3','ACTIVE',1,NULL),(375,'M4','M','4','ACTIVE',1,NULL),(376,'M5','M','5','ACTIVE',1,NULL),(377,'M6','M','6','ACTIVE',1,NULL),(378,'M7','M','7','ACTIVE',1,NULL),(379,'M8','M','8','ACTIVE',1,NULL),(380,'M9','M','9','ACTIVE',1,NULL),(381,'M10','M','10','ACTIVE',1,NULL),(382,'N1','N','1','ACTIVE',1,NULL),(383,'N2','N','2','ACTIVE',1,NULL),(384,'N3','N','3','ACTIVE',1,NULL),(385,'N4','N','4','ACTIVE',1,NULL),(386,'N5','N','5','ACTIVE',1,NULL),(387,'N6','N','6','ACTIVE',1,NULL),(388,'N7','N','7','ACTIVE',1,NULL),(389,'N8','N','8','ACTIVE',1,NULL),(390,'N9','N','9','ACTIVE',1,NULL),(391,'N10','N','10','ACTIVE',1,NULL),(392,'O1','O','1','ACTIVE',1,NULL),(393,'O2','O','2','ACTIVE',1,NULL),(394,'O3','O','3','ACTIVE',1,NULL),(395,'O4','O','4','ACTIVE',1,NULL),(396,'O5','O','5','ACTIVE',1,NULL),(397,'O6','O','6','ACTIVE',1,NULL),(398,'O7','O','7','ACTIVE',1,NULL),(399,'O8','O','8','ACTIVE',1,NULL),(400,'O9','O','9','ACTIVE',1,NULL),(401,'O10','O','10','ACTIVE',1,NULL),(402,'P1','P','1','ACTIVE',1,NULL),(403,'P2','P','2','ACTIVE',1,NULL),(404,'P3','P','3','ACTIVE',1,NULL),(405,'P4','P','4','ACTIVE',1,NULL),(406,'P5','P','5','ACTIVE',1,NULL),(407,'P6','P','6','ACTIVE',1,NULL),(408,'P7','P','7','ACTIVE',1,NULL),(409,'P8','P','8','ACTIVE',1,NULL),(410,'P9','P','9','ACTIVE',1,NULL),(411,'P10','P','10','ACTIVE',1,NULL),(412,'Q1','Q','1','ACTIVE',1,NULL),(413,'Q2','Q','2','ACTIVE',1,NULL),(414,'Q3','Q','3','ACTIVE',1,NULL),(415,'Q4','Q','4','ACTIVE',1,NULL),(416,'Q5','Q','5','ACTIVE',1,NULL),(417,'Q6','Q','6','ACTIVE',1,NULL),(418,'Q7','Q','7','ACTIVE',1,NULL),(419,'Q8','Q','8','ACTIVE',1,NULL),(420,'Q9','Q','9','ACTIVE',1,NULL),(421,'Q10','Q','10','ACTIVE',1,NULL),(422,'R1','R','1','ACTIVE',1,NULL),(423,'R2','R','2','ACTIVE',1,NULL),(424,'R3','R','3','ACTIVE',1,NULL),(425,'R4','R','4','ACTIVE',1,NULL),(426,'R5','R','5','ACTIVE',1,NULL),(427,'R6','R','6','ACTIVE',1,NULL),(428,'R7','R','7','ACTIVE',1,NULL),(429,'R8','R','8','ACTIVE',1,NULL),(430,'R9','R','9','ACTIVE',1,NULL),(431,'R10','R','10','ACTIVE',1,NULL),(432,'S1','S','1','ACTIVE',1,NULL),(433,'S2','S','2','ACTIVE',1,NULL),(434,'S3','S','3','ACTIVE',1,NULL),(435,'S4','S','4','ACTIVE',1,NULL),(436,'S5','S','5','ACTIVE',1,NULL),(437,'S6','S','6','ACTIVE',1,NULL),(438,'S7','S','7','ACTIVE',1,NULL),(439,'S8','S','8','ACTIVE',1,NULL),(440,'S9','S','9','ACTIVE',1,NULL),(441,'S10','S','10','ACTIVE',1,NULL),(442,'T1','T','1','ACTIVE',1,NULL),(443,'T2','T','2','ACTIVE',1,NULL),(444,'T3','T','3','ACTIVE',1,NULL),(445,'T4','T','4','ACTIVE',1,NULL),(446,'T5','T','5','ACTIVE',1,NULL),(447,'T6','T','6','ACTIVE',1,NULL),(448,'T7','T','7','ACTIVE',1,NULL),(449,'T8','T','8','ACTIVE',1,NULL),(450,'T9','T','9','ACTIVE',1,NULL),(451,'T10','T','10','ACTIVE',1,NULL),(452,'U1','U','1','ACTIVE',1,NULL),(453,'U2','U','2','ACTIVE',1,NULL),(454,'U3','U','3','ACTIVE',1,NULL),(455,'U4','U','4','ACTIVE',1,NULL),(456,'U5','U','5','ACTIVE',1,NULL),(457,'U6','U','6','ACTIVE',1,NULL),(458,'U7','U','7','ACTIVE',1,NULL),(459,'U8','U','8','ACTIVE',1,NULL),(460,'U9','U','9','ACTIVE',1,NULL),(461,'U10','U','10','ACTIVE',1,NULL),(462,'V1','V','1','ACTIVE',1,NULL),(463,'V2','V','2','ACTIVE',1,NULL),(464,'V3','V','3','ACTIVE',1,NULL),(465,'V4','V','4','ACTIVE',1,NULL),(466,'V5','V','5','ACTIVE',1,NULL),(467,'V6','V','6','ACTIVE',1,NULL),(468,'V7','V','7','ACTIVE',1,NULL),(469,'V8','V','8','ACTIVE',1,NULL),(470,'V9','V','9','ACTIVE',1,NULL),(471,'V10','V','10','ACTIVE',1,NULL),(472,'W1','W','1','ACTIVE',1,NULL),(473,'W2','W','2','ACTIVE',1,NULL),(474,'W3','W','3','ACTIVE',1,NULL),(475,'W4','W','4','ACTIVE',1,NULL),(476,'W5','W','5','ACTIVE',1,NULL),(477,'W6','W','6','ACTIVE',1,NULL),(478,'W7','W','7','ACTIVE',1,NULL),(479,'W8','W','8','ACTIVE',1,NULL),(480,'W9','W','9','ACTIVE',1,NULL),(481,'W10','W','10','ACTIVE',1,NULL),(482,'X1','X','1','ACTIVE',1,NULL),(483,'X2','X','2','ACTIVE',1,NULL),(484,'X3','X','3','ACTIVE',1,NULL),(485,'X4','X','4','ACTIVE',1,NULL),(486,'X5','X','5','ACTIVE',1,NULL),(487,'X6','X','6','ACTIVE',1,NULL),(488,'X7','X','7','ACTIVE',1,NULL),(489,'X8','X','8','ACTIVE',1,NULL),(490,'X9','X','9','ACTIVE',1,NULL),(491,'X10','X','10','ACTIVE',1,NULL),(492,'Y1','Y','1','ACTIVE',1,NULL),(493,'Y2','Y','2','ACTIVE',1,NULL),(494,'Y3','Y','3','ACTIVE',1,NULL),(495,'Y4','Y','4','ACTIVE',1,NULL),(496,'Y5','Y','5','ACTIVE',1,NULL),(497,'Y6','Y','6','ACTIVE',1,NULL),(498,'Y7','Y','7','ACTIVE',1,NULL),(499,'Y8','Y','8','ACTIVE',1,NULL),(500,'Y9','Y','9','ACTIVE',1,NULL),(501,'Y10','Y','10','ACTIVE',1,NULL),(502,'Z1','Z','1','ACTIVE',1,NULL),(503,'Z2','Z','2','ACTIVE',1,NULL),(504,'Z3','Z','3','ACTIVE',1,NULL),(505,'Z4','Z','4','ACTIVE',1,NULL),(506,'Z5','Z','5','ACTIVE',1,NULL),(507,'Z6','Z','6','ACTIVE',1,NULL),(508,'Z7','Z','7','ACTIVE',1,NULL),(509,'Z8','Z','8','ACTIVE',1,NULL),(510,'Z9','Z','9','ACTIVE',1,NULL),(511,'Z10','Z','10','ACTIVE',1,NULL),(512,'AA1','AA','1','ACTIVE',1,1112),(513,'AA2','AA','2','ACTIVE',1,1112),(514,'AA3','AA','3','ACTIVE',1,1112),(515,'AA4','AA','4','ACTIVE',1,1112),(516,'AA5','AA','5','ACTIVE',1,1112),(517,'AA6','AA','6','ACTIVE',1,1112),(518,'AA7','AA','7','ACTIVE',1,1112),(519,'AA8','AA','8','ACTIVE',1,1112),(520,'AA9','AA','9','ACTIVE',1,1112),(521,'AA10','AA','10','ACTIVE',1,1112),(522,'AB1','AB','1','ACTIVE',1,1112),(523,'AB2','AB','2','ACTIVE',1,1112),(524,'AB3','AB','3','ACTIVE',1,1112),(525,'AB4','AB','4','ACTIVE',1,1112),(526,'AB5','AB','5','ACTIVE',1,1112),(527,'AB6','AB','6','ACTIVE',1,1112),(528,'AB7','AB','7','ACTIVE',1,1112),(529,'AB8','AB','8','ACTIVE',1,1112),(530,'AB9','AB','9','ACTIVE',1,1112),(531,'AB10','AB','10','ACTIVE',1,1112),(532,'AC1','AC','1','ACTIVE',1,1112),(533,'AC2','AC','2','ACTIVE',1,1112),(534,'AC3','AC','3','ACTIVE',1,1112),(535,'AC4','AC','4','ACTIVE',1,1112),(536,'AC5','AC','5','ACTIVE',1,1112),(537,'AC6','AC','6','ACTIVE',1,1112),(538,'AC7','AC','7','ACTIVE',1,1112),(539,'AC8','AC','8','ACTIVE',1,1112),(540,'AC9','AC','9','ACTIVE',1,1112),(541,'AC10','AC','10','ACTIVE',1,1112),(542,'AD1','AD','1','ACTIVE',1,1112),(543,'AD2','AD','2','ACTIVE',1,1112),(544,'AD3','AD','3','ACTIVE',1,1112),(545,'AD4','AD','4','ACTIVE',1,1112),(546,'AD5','AD','5','ACTIVE',1,1112),(547,'AD6','AD','6','ACTIVE',1,1112),(548,'AD7','AD','7','ACTIVE',1,1112),(549,'AD8','AD','8','ACTIVE',1,1112),(550,'AD9','AD','9','ACTIVE',1,1112),(551,'AD10','AD','10','ACTIVE',1,1112),(552,'AE1','AE','1','ACTIVE',1,1111),(553,'AE2','AE','2','ACTIVE',1,1111),(554,'AE3','AE','3','ACTIVE',1,1111),(555,'AE4','AE','4','ACTIVE',1,1111),(556,'AE5','AE','5','ACTIVE',1,1111),(557,'AE6','AE','6','ACTIVE',1,1111),(558,'AE7','AE','7','ACTIVE',1,1111),(559,'AE8','AE','8','ACTIVE',1,1111),(560,'AE9','AE','9','ACTIVE',1,1111),(561,'AE10','AE','10','ACTIVE',1,1111),(562,'AF1','AF','1','ACTIVE',1,1111),(563,'AF2','AF','2','ACTIVE',1,1111),(564,'AF3','AF','3','ACTIVE',1,1111),(565,'AF4','AF','4','ACTIVE',1,1111),(566,'AF5','AF','5','ACTIVE',1,1111),(567,'AF6','AF','6','ACTIVE',1,1111),(568,'AF7','AF','7','ACTIVE',1,1111),(569,'AF8','AF','8','ACTIVE',1,1111),(570,'AF9','AF','9','ACTIVE',1,1111),(571,'AF10','AF','10','ACTIVE',1,1111),(572,'AG1','AG','1','ACTIVE',1,1111),(573,'AG2','AG','2','ACTIVE',1,1111),(574,'AG3','AG','3','ACTIVE',1,1111),(575,'AG4','AG','4','ACTIVE',1,1111),(576,'AG5','AG','5','ACTIVE',1,1111),(577,'AG6','AG','6','ACTIVE',1,1111),(578,'AG7','AG','7','ACTIVE',1,1111),(579,'AG8','AG','8','ACTIVE',1,1111),(580,'AG9','AG','9','ACTIVE',1,1111),(581,'AG10','AG','10','ACTIVE',1,1111),(582,'AH1','AH','1','ACTIVE',1,1111),(583,'AH2','AH','2','ACTIVE',1,1111),(584,'AH3','AH','3','ACTIVE',1,1111),(585,'AH4','AH','4','ACTIVE',1,1111),(586,'AH5','AH','5','ACTIVE',1,1111),(587,'AH6','AH','6','ACTIVE',1,1111),(588,'AH7','AH','7','ACTIVE',1,1111),(589,'AH8','AH','8','ACTIVE',1,1111),(590,'AH9','AH','9','ACTIVE',1,1111),(591,'AH10','AH','10','ACTIVE',1,1111),(1158,'A2','A','2','ACTIVE',10,1101),(1159,'A1','A','1','ACTIVE',10,1101),(1160,'A3','A','3','ACTIVE',10,1101),(1161,'A4','A','4','ACTIVE',10,1101),(1162,'A5','A','5','ACTIVE',10,1101),(1163,'A6','A','6','ACTIVE',10,1101),(1164,'A7','A','7','ACTIVE',10,1101),(1165,'A8','A','8','ACTIVE',10,1101),(1166,'A9','A','9','ACTIVE',10,1101),(1167,'A10','A','10','ACTIVE',10,1101),(1168,'B1','B','1','ACTIVE',10,1102),(1169,'B2','B','2','ACTIVE',10,1102),(1170,'B3','B','3','ACTIVE',10,1102),(1171,'B4','B','4','ACTIVE',10,1102),(1172,'B5','B','5','ACTIVE',10,1102),(1173,'B6','B','6','ACTIVE',10,1102),(1174,'B7','B','7','ACTIVE',10,1102),(1175,'B8','B','8','ACTIVE',10,1102),(1176,'B9','B','9','ACTIVE',10,1102),(1177,'B10','B','10','ACTIVE',10,1102),(1178,'C1','C','1','ACTIVE',10,1102),(1179,'C2','C','2','ACTIVE',10,1102),(1180,'C3','C','3','ACTIVE',10,1102),(1181,'C4','C','4','ACTIVE',10,1102),(1182,'C5','C','5','ACTIVE',10,1102),(1183,'C6','C','6','ACTIVE',10,1102),(1184,'C7','C','7','ACTIVE',10,1102),(1185,'C8','C','8','ACTIVE',10,1102),(1186,'C9','C','9','ACTIVE',10,1102),(1187,'C10','C','10','ACTIVE',10,1102),(1188,'D1','D','1','ACTIVE',10,1102),(1189,'D2','D','2','ACTIVE',10,1102),(1190,'D3','D','3','ACTIVE',10,1102),(1191,'D4','D','4','ACTIVE',10,1102),(1192,'D5','D','5','ACTIVE',10,1102),(1193,'D6','D','6','ACTIVE',10,1102),(1194,'D7','D','7','ACTIVE',10,1102),(1195,'D8','D','8','ACTIVE',10,1102),(1196,'D9','D','9','ACTIVE',10,1102),(1197,'D10','D','10','ACTIVE',10,1102),(1198,'E1','E','1','ACTIVE',10,1102),(1199,'E2','E','2','ACTIVE',10,1102),(1200,'E3','E','3','ACTIVE',10,1102),(1201,'E4','E','4','ACTIVE',10,1102),(1202,'E5','E','5','ACTIVE',10,1102),(1203,'E6','E','6','ACTIVE',10,1102),(1204,'E7','E','7','ACTIVE',10,1102),(1205,'E8','E','8','ACTIVE',10,1102),(1206,'E9','E','9','ACTIVE',10,1102),(1207,'E10','E','10','ACTIVE',10,1102),(1208,'F1','F','1','ACTIVE',10,1102),(1209,'F2','F','2','ACTIVE',10,1102),(1210,'F3','F','3','ACTIVE',10,1102),(1211,'F4','F','4','ACTIVE',10,1102),(1212,'F5','F','5','ACTIVE',10,1102),(1213,'F6','F','6','ACTIVE',10,1102),(1214,'F7','F','7','ACTIVE',10,1102),(1215,'F8','F','8','ACTIVE',10,1102),(1216,'F9','F','9','ACTIVE',10,1102),(1217,'F10','F','10','ACTIVE',10,1102),(1218,'G1','G','1','ACTIVE',10,1102),(1219,'G2','G','2','ACTIVE',10,1102),(1220,'G3','G','3','ACTIVE',10,1102),(1221,'G4','G','4','ACTIVE',10,1102),(1222,'G5','G','5','ACTIVE',10,1102),(1223,'G6','G','6','ACTIVE',10,1102),(1224,'G7','G','7','ACTIVE',10,1102),(1225,'G8','G','8','ACTIVE',10,1102),(1226,'G9','G','9','ACTIVE',10,1102),(1227,'G10','G','10','ACTIVE',10,1102),(1228,'H1','H','1','ACTIVE',10,1102),(1229,'H2','H','2','ACTIVE',10,1102),(1230,'H3','H','3','ACTIVE',10,1102),(1231,'H4','H','4','ACTIVE',10,1102),(1232,'H5','H','5','ACTIVE',10,1102),(1233,'H6','H','6','ACTIVE',10,1102),(1234,'H7','H','7','ACTIVE',10,1102),(1235,'H8','H','8','ACTIVE',10,1102),(1236,'H9','H','9','ACTIVE',10,1102),(1237,'H10','H','10','ACTIVE',10,1102),(1238,'I1','I','1','ACTIVE',10,1102),(1239,'I2','I','2','ACTIVE',10,1102),(1240,'I3','I','3','ACTIVE',10,1102),(1241,'I4','I','4','ACTIVE',10,1102),(1242,'I5','I','5','ACTIVE',10,1102),(1243,'I6','I','6','ACTIVE',10,1102),(1244,'I7','I','7','ACTIVE',10,1102),(1245,'I8','I','8','ACTIVE',10,1102),(1246,'I9','I','9','ACTIVE',10,1102),(1247,'I10','I','10','ACTIVE',10,1102),(1248,'J1','J','1','ACTIVE',10,1102),(1249,'J2','J','2','ACTIVE',10,1102),(1250,'J3','J','3','ACTIVE',10,1102),(1251,'J4','J','4','ACTIVE',10,1102),(1252,'J5','J','5','ACTIVE',10,1102),(1253,'J6','J','6','ACTIVE',10,1102),(1254,'J7','J','7','ACTIVE',10,1102),(1255,'J8','J','8','ACTIVE',10,1102),(1256,'J9','J','9','ACTIVE',10,1102),(1257,'J10','J','10','ACTIVE',10,1102),(1258,'K1','K','1','ACTIVE',10,1102),(1259,'K2','K','2','ACTIVE',10,1102),(1260,'K3','K','3','ACTIVE',10,1102),(1261,'K4','K','4','ACTIVE',10,1102),(1262,'K5','K','5','ACTIVE',10,1102),(1263,'K6','K','6','ACTIVE',10,1102),(1264,'K7','K','7','ACTIVE',10,1102),(1265,'K8','K','8','ACTIVE',10,1102),(1266,'K9','K','9','ACTIVE',10,1102),(1267,'K10','K','10','ACTIVE',10,1102),(1268,'L1','L','1','ACTIVE',10,1102),(1269,'L2','L','2','ACTIVE',10,1102),(1270,'L3','L','3','ACTIVE',10,1102),(1271,'L4','L','4','ACTIVE',10,1102),(1272,'L5','L','5','ACTIVE',10,1102),(1273,'L6','L','6','ACTIVE',10,1102),(1274,'L7','L','7','ACTIVE',10,1102),(1275,'L8','L','8','ACTIVE',10,1102),(1276,'L9','L','9','ACTIVE',10,1102),(1277,'L10','L','10','ACTIVE',10,1102),(1278,'M1','M','1','ACTIVE',10,1102),(1279,'M2','M','2','ACTIVE',10,1102),(1280,'M3','M','3','ACTIVE',10,1102),(1281,'M4','M','4','ACTIVE',10,1102),(1282,'M5','M','5','ACTIVE',10,1102),(1283,'M6','M','6','ACTIVE',10,1102),(1284,'M7','M','7','ACTIVE',10,1102),(1285,'M8','M','8','ACTIVE',10,1102),(1286,'M9','M','9','ACTIVE',10,1102),(1287,'M10','M','10','ACTIVE',10,1102),(1288,'N1','N','1','ACTIVE',10,1102),(1289,'N2','N','2','ACTIVE',10,1102),(1290,'N3','N','3','ACTIVE',10,1102),(1291,'N4','N','4','ACTIVE',10,1102),(1292,'N5','N','5','ACTIVE',10,1102),(1293,'N6','N','6','ACTIVE',10,1102),(1294,'N7','N','7','ACTIVE',10,1102),(1295,'N8','N','8','ACTIVE',10,1102),(1296,'N9','N','9','ACTIVE',10,1102),(1297,'N10','N','10','ACTIVE',10,1102),(1298,'O1','O','1','ACTIVE',10,1102),(1299,'O2','O','2','ACTIVE',10,1102),(1300,'O3','O','3','ACTIVE',10,1102),(1301,'O4','O','4','ACTIVE',10,1102),(1302,'O5','O','5','ACTIVE',10,1102),(1303,'O6','O','6','ACTIVE',10,1102),(1304,'O7','O','7','ACTIVE',10,1102),(1305,'O8','O','8','ACTIVE',10,1102),(1306,'O9','O','9','ACTIVE',10,1102),(1307,'O10','O','10','ACTIVE',10,1102),(1308,'P1','P','1','ACTIVE',10,1102),(1309,'P2','P','2','ACTIVE',10,1102),(1310,'P3','P','3','ACTIVE',10,1102),(1311,'P4','P','4','ACTIVE',10,1102),(1312,'P5','P','5','ACTIVE',10,1102),(1313,'P6','P','6','ACTIVE',10,1102),(1314,'P7','P','7','ACTIVE',10,1102),(1315,'P8','P','8','ACTIVE',10,1102),(1316,'P9','P','9','ACTIVE',10,1102),(1317,'P10','P','10','ACTIVE',10,1102),(1318,'Q1','Q','1','ACTIVE',10,1102),(1319,'Q2','Q','2','ACTIVE',10,1102),(1320,'Q3','Q','3','ACTIVE',10,1102),(1321,'Q4','Q','4','ACTIVE',10,1102),(1322,'Q5','Q','5','ACTIVE',10,1102),(1323,'Q6','Q','6','ACTIVE',10,1102),(1324,'Q7','Q','7','ACTIVE',10,1102),(1325,'Q8','Q','8','ACTIVE',10,1102),(1326,'Q9','Q','9','ACTIVE',10,1102),(1327,'Q10','Q','10','ACTIVE',10,1102),(1328,'R1','R','1','ACTIVE',10,1102),(1329,'R2','R','2','ACTIVE',10,1102),(1330,'R3','R','3','ACTIVE',10,1102),(1331,'R4','R','4','ACTIVE',10,1102),(1332,'R5','R','5','ACTIVE',10,1102),(1333,'R6','R','6','ACTIVE',10,1102),(1334,'R7','R','7','ACTIVE',10,1102),(1335,'R8','R','8','ACTIVE',10,1102),(1336,'R9','R','9','ACTIVE',10,1102),(1337,'R10','R','10','ACTIVE',10,1102),(1338,'S1','S','1','ACTIVE',10,1102),(1339,'S2','S','2','ACTIVE',10,1102),(1340,'S3','S','3','ACTIVE',10,1102),(1341,'S4','S','4','ACTIVE',10,1102),(1342,'S5','S','5','ACTIVE',10,1102),(1343,'S6','S','6','ACTIVE',10,1102),(1344,'S7','S','7','ACTIVE',10,1102),(1345,'S8','S','8','ACTIVE',10,1102),(1346,'S9','S','9','ACTIVE',10,1102),(1347,'S10','S','10','ACTIVE',10,1102),(1348,'T1','T','1','ACTIVE',10,1102),(1349,'T2','T','2','ACTIVE',10,1102),(1350,'T3','T','3','ACTIVE',10,1102),(1351,'T4','T','4','ACTIVE',10,1102),(1352,'T5','T','5','ACTIVE',10,1102),(1353,'T6','T','6','ACTIVE',10,1102),(1354,'T7','T','7','ACTIVE',10,1102),(1355,'T8','T','8','ACTIVE',10,1102),(1356,'T9','T','9','ACTIVE',10,1102),(1357,'T10','T','10','ACTIVE',10,1102),(1358,'U1','U','1','ACTIVE',10,1102),(1359,'U2','U','2','ACTIVE',10,1102),(1360,'U3','U','3','ACTIVE',10,1102),(1361,'U4','U','4','ACTIVE',10,1102),(1362,'U5','U','5','ACTIVE',10,1102),(1363,'U6','U','6','ACTIVE',10,1102),(1364,'U7','U','7','ACTIVE',10,1102),(1365,'U8','U','8','ACTIVE',10,1102),(1366,'U9','U','9','ACTIVE',10,1102),(1367,'U10','U','10','ACTIVE',10,1102),(1368,'V1','V','1','ACTIVE',10,1102),(1369,'V2','V','2','ACTIVE',10,1102),(1370,'V3','V','3','ACTIVE',10,1102),(1371,'V4','V','4','ACTIVE',10,1102),(1372,'V5','V','5','ACTIVE',10,1102),(1373,'V6','V','6','ACTIVE',10,1102),(1374,'V7','V','7','ACTIVE',10,1102),(1375,'V8','V','8','ACTIVE',10,1102),(1376,'V9','V','9','ACTIVE',10,1102),(1377,'V10','V','10','ACTIVE',10,1102),(1378,'W1','W','1','ACTIVE',10,1102),(1379,'W2','W','2','ACTIVE',10,1102),(1380,'W3','W','3','ACTIVE',10,1102),(1381,'W4','W','4','ACTIVE',10,1102),(1382,'W5','W','5','ACTIVE',10,1102),(1383,'W6','W','6','ACTIVE',10,1102),(1384,'W7','W','7','ACTIVE',10,1102),(1385,'W8','W','8','ACTIVE',10,1102),(1386,'W9','W','9','ACTIVE',10,1102),(1387,'W10','W','10','ACTIVE',10,1102),(1388,'X1','X','1','ACTIVE',10,1102),(1389,'X2','X','2','ACTIVE',10,1102),(1390,'X3','X','3','ACTIVE',10,1102),(1391,'X4','X','4','ACTIVE',10,1102),(1392,'X5','X','5','ACTIVE',10,1102),(1393,'X6','X','6','ACTIVE',10,1102),(1394,'X7','X','7','ACTIVE',10,1102),(1395,'X8','X','8','ACTIVE',10,1102),(1396,'X9','X','9','ACTIVE',10,1102),(1397,'X10','X','10','ACTIVE',10,1102),(1398,'Y1','Y','1','ACTIVE',10,1102),(1399,'Y2','Y','2','ACTIVE',10,1102),(1400,'Y3','Y','3','ACTIVE',10,1102),(1401,'Y4','Y','4','ACTIVE',10,1102),(1402,'Y5','Y','5','ACTIVE',10,1102),(1403,'Y6','Y','6','ACTIVE',10,1102),(1404,'Y7','Y','7','ACTIVE',10,1102),(1405,'Y8','Y','8','ACTIVE',10,1102),(1406,'Y9','Y','9','ACTIVE',10,1102),(1407,'Y10','Y','10','ACTIVE',10,1102),(1408,'Z1','Z','1','ACTIVE',10,1102),(1409,'Z2','Z','2','ACTIVE',10,1102),(1410,'Z3','Z','3','ACTIVE',10,1102),(1411,'Z4','Z','4','ACTIVE',10,1102),(1412,'Z5','Z','5','ACTIVE',10,1102),(1413,'Z6','Z','6','ACTIVE',10,1102),(1414,'Z7','Z','7','ACTIVE',10,1102),(1415,'Z8','Z','8','ACTIVE',10,1102),(1416,'Z9','Z','9','ACTIVE',10,1102),(1417,'Z10','Z','10','ACTIVE',10,1102),(1418,'AA1','AA','1','ACTIVE',10,1101),(1419,'AA2','AA','2','ACTIVE',10,1101),(1420,'AA3','AA','3','ACTIVE',10,1101),(1421,'AA4','AA','4','ACTIVE',10,1101),(1422,'AA5','AA','5','ACTIVE',10,1101),(1423,'AA6','AA','6','ACTIVE',10,1101),(1424,'AA7','AA','7','ACTIVE',10,1101),(1425,'AA8','AA','8','ACTIVE',10,1101),(1426,'AA9','AA','9','ACTIVE',10,1101),(1427,'AA10','AA','10','ACTIVE',10,1101),(1428,'AB1','AB','1','ACTIVE',10,1101),(1429,'AB2','AB','2','ACTIVE',10,1101),(1430,'AB3','AB','3','ACTIVE',10,1101),(1431,'AB4','AB','4','ACTIVE',10,1101),(1432,'AB5','AB','5','ACTIVE',10,1101),(1433,'AB6','AB','6','ACTIVE',10,1101),(1434,'AB7','AB','7','ACTIVE',10,1101),(1435,'AB8','AB','8','ACTIVE',10,1101),(1436,'AB9','AB','9','ACTIVE',10,1101),(1437,'AB10','AB','10','ACTIVE',10,1101),(1438,'AC1','AC','1','ACTIVE',10,1101),(1439,'AC2','AC','2','ACTIVE',10,1101),(1440,'AC3','AC','3','ACTIVE',10,1101),(1441,'AC4','AC','4','ACTIVE',10,1101),(1442,'AC5','AC','5','ACTIVE',10,1101),(1443,'AC6','AC','6','ACTIVE',10,1101),(1444,'AC7','AC','7','ACTIVE',10,1101),(1445,'AC8','AC','8','ACTIVE',10,1101),(1446,'AC9','AC','9','ACTIVE',10,1101),(1447,'AC10','AC','10','ACTIVE',10,1101),(1448,'AD1','AD','1','ACTIVE',10,1101),(1449,'AD2','AD','2','ACTIVE',10,1101),(1450,'AD3','AD','3','ACTIVE',10,1101),(1451,'AD4','AD','4','ACTIVE',10,1101),(1452,'AD5','AD','5','ACTIVE',10,1101),(1453,'AD6','AD','6','ACTIVE',10,1101),(1454,'AD7','AD','7','ACTIVE',10,1101),(1455,'AD8','AD','8','ACTIVE',10,1101),(1456,'AD9','AD','9','ACTIVE',10,1101),(1457,'AD10','AD','10','ACTIVE',10,1101);
/*!40000 ALTER TABLE `seat` ENABLE KEYS */;
UNLOCK TABLES;

--
-- Table structure for table `speaker`
--

DROP TABLE IF EXISTS `speaker`;
/*!40101 SET @saved_cs_client     = @@character_set_client */;
/*!50503 SET character_set_client = utf8mb4 */;
CREATE TABLE `speaker` (
  `speaker_id` int NOT NULL AUTO_INCREMENT,
  `full_name` varchar(100) COLLATE utf8mb4_unicode_ci NOT NULL,
  `bio` longtext COLLATE utf8mb4_unicode_ci,
  `email` varchar(100) COLLATE utf8mb4_unicode_ci DEFAULT NULL,
  `phone` varchar(20) COLLATE utf8mb4_unicode_ci DEFAULT NULL,
  `avatar_url` varchar(255) COLLATE utf8mb4_unicode_ci DEFAULT NULL,
  PRIMARY KEY (`speaker_id`)
) ENGINE=InnoDB AUTO_INCREMENT=1055 DEFAULT CHARSET=utf8mb4 COLLATE=utf8mb4_unicode_ci;
/*!40101 SET character_set_client = @saved_cs_client */;

--
-- Dumping data for table `speaker`
--

LOCK TABLES `speaker` WRITE;
/*!40000 ALTER TABLE `speaker` DISABLE KEYS */;
INSERT INTO `speaker` VALUES (8,'Nguyễn Võ Minh Châu','','long@email.com','0373253725',NULL),(9,'Nguyễn Võ Minh Châu','','long@email.com','0373253725',NULL),(10,'Châu','ffddd','chau@gmail.com','09123456',NULL),(11,'bui ti duc','hfhf','hghd@gmail.com','012345689',''),(12,'Nguyễn Trọng Duy','Chuyên gia AI với hơn 8 năm kinh nghiệm trong lĩnh vực Natural Language Processing (NLP), Generative AI và xây dựng hệ thống Chatbot sử dụng LLM. Từng làm việc tại các công ty công nghệ lớn như FPT Software và Got It. Hiện đang là Technical Lead tại AI Vietnam Lab, phụ trách phát triển các mô hình đa ngôn ngữ và triển khai chatbot trong doanh nghiệp.','duy@gmail.com','0933307646','https://nguoinoitieng.tv/images/nnt/101/1/bfr0.jpg'),(13,'Trần Minh Khoa','Giảng viên và kỹ sư Machine Learning với hơn 6 năm kinh nghiệm trong xử lý dữ liệu, xây dựng mô hình AI và phát triển ứng dụng bằng Python. Từng làm việc tại VNG AI Team và hiện là Data Scientist tại LeapTech. Chuyên về nền tảng Python, scikit-learn, TensorFlow và triển khai mô hình AI thực tế cho doanh nghiệp.','minh.khoa.ds.tech@gmail.com','0932 557 124','https://nguoinoitieng.tv/images/nnt/0/2/mv.jpg'),(14,'Lê Quang Huy','Chuyên gia nhân sự cấp cao với hơn 10 năm kinh nghiệm trong tuyển dụng và xây dựng lộ trình nghề nghiệp trong lĩnh vực CNTT. Từng giữ vị trí Talent Acquisition Manager tại VNG và KMS Technology. Hiện đang là Head of Recruitment tại GlobalTech HR Hub, phụ trách tuyển dụng các vị trí Software Engineer, DevOps, AI Engineer và Product Manager.','huy.le.globaltech.hr@gmail.com','0911 864 739','https://nguoinoitieng.tv/images/nnt/1/0/am5.jpg'),(17,'Huỳnh Minh Thuận ','Chuyên gia đào tạo kỹ năng mềm với hơn 9 năm kinh nghiệm trong lĩnh vực thuyết trình, giao tiếp và phát triển cá nhân. Từng huấn luyện cho hơn 30 doanh nghiệp lớn như Viettel, MWG, FPT Telecom. Là Founder của “Present Mastery Academy” — học viện đào tạo kỹ năng thuyết trình được hơn 15.000 học viên theo học.','huynhminhthuan@gmail.com','0912345677','https://tse4.mm.bing.net/th/id/OIP.Cr8IpDXr1FZvDL-TQVhKggHaE7?pid=Api&P=0&h=220'),(1012,'Bùi Trí Đức','Nơi diễn ra Vẽ Tranh','duc@gmail.com','0912345678',''),(1015,'vvf','vfvsf','a@gmail.com','0912345678','https://oihlyoeuwpcfnoywboyg.supabase.co/storage/v1/object/public/user-uploads/1766402958087-4pgbph.jfif'),(1016,'Trần Tiến Phát','Anh Trần Tấn Phát là chuyên gia trong lĩnh vực Công nghệ Thông tin và Chuyển đổi số, với nhiều năm kinh nghiệm làm việc và triển khai các giải pháp công nghệ tại doanh nghiệp và tổ chức giáo dục.','trantienphat@gmail.com','0933307646','https://oihlyoeuwpcfnoywboyg.supabase.co/storage/v1/object/public/user-uploads/1765763816328-utgsze.jpg'),(1017,'vsvs','dccdc','a@gmail.com','0933307646','https://oihlyoeuwpcfnoywboyg.supabase.co/storage/v1/object/public/user-uploads/1765848469553-x7oj5j.jfif'),(1018,'gfgg','sggg','a@gmail.com','0933307646','https://oihlyoeuwpcfnoywboyg.supabase.co/storage/v1/object/public/user-uploads/1765849944559-1ljk4.jpg'),(1019,'xcxczcz','cvdc','a@gmail.com','093330724','https://oihlyoeuwpcfnoywboyg.supabase.co/storage/v1/object/public/user-uploads/1765894891898-ijss.jfif'),(1020,'Dr. Nguyen Van A','Chuyên gia công nghệ với hơn 10 năm kinh nghiệm trong lĩnh vực AI và Machine Learning','speaker@example.com','0901234567',''),(1021,'Nguyễn Võ Minh Châu','Cựu sinh viên trường FPT','chau@gmail.com','0373253725','https://oihlyoeuwpcfnoywboyg.supabase.co/storage/v1/object/public/user-uploads/1766049825869-8bz13r.jfif'),(1022,'Nguyễn Ngọc Minh Thư','Cựu sinh viên trườn FPT','thu@gmail.com','093334567','https://oihlyoeuwpcfnoywboyg.supabase.co/storage/v1/object/public/user-uploads/1766049928501-pa9axh.jfif'),(1023,'Nguyễn Võ Minh Châu','Cựu sinh viên trường FPT','chau@gmail.com','0933307646','https://oihlyoeuwpcfnoywboyg.supabase.co/storage/v1/object/public/user-uploads/1766050712291-cr2ccv.jfif'),(1024,'fvsvds','vddvd','a@gmail.com','0933307646','https://oihlyoeuwpcfnoywboyg.supabase.co/storage/v1/object/public/user-uploads/1766051685869-h5h1bh.jfif'),(1025,'fvsvds','vddjsjhvvfvfvofvofvufovdffvfvCCCCCCCCCCCCCCCCCCC VVFVFVFBGBBBGBDBDGBGBVNNHNHNH BGGBGBGGGBGBGBFFHN BGBDDBBGBHNHHHNFVDVBDBGBHNHNH BVDVFVDCADJCADHCDHVFU CHCHODOHSVBBVDSBVOSFB CDOCDCDVHIHIDFHIDWFH9W CHUADCHADOUCDURFRWUH','A@gmail.com','0933307646','https://oihlyoeuwpcfnoywboyg.supabase.co/storage/v1/object/public/user-uploads/1766051813587-habdkr.jfif'),(1026,'Dr. Nguyen Van A','Chuyên gia công nghệ với hơn 10 năm kinh nghiệm trong lĩnh vực AI và Machine Learning','speaker@example.com','0901234567',''),(1027,'Dr. Nguyen Van A','Chuyên gia công nghệ với hơn 10 năm kinh nghiệm trong lĩnh vực AI và Machine Learningcdnclcsncjcndskjcdncdscdcnkdkcdsnknvskcnslcndscjdndsjkcds vdsjvdsncdcndcldcndlcjdcnjdlaclndcnldlndsndcjnldsvnds','a@gmail.com','09333307646','https://oihlyoeuwpcfnoywboyg.supabase.co/storage/v1/object/public/user-uploads/1766052449389-i71zlf.jfif'),(1028,'Trần Tấn Phát','Anh Trần Tấn Phát là chuyên gia trong lĩnh vực Công nghệ Thông tin và Chuyển đổi số, với nhiều năm kinh nghiệm làm việc và triển khai các giải pháp công nghệ tại doanh nghiệp và tổ chức giáo dục.','phat@gmail.com','093331234','https://oihlyoeuwpcfnoywboyg.supabase.co/storage/v1/object/public/user-uploads/1766234589585-ohqk0l.jpg'),(1031,'Trần Tấn Phát','Anh Trần Tấn Phát là chuyên gia trong lĩnh vực Công nghệ Thông tin và Chuyển đổi số, với nhiều năm kinh nghiệm làm việc và triển khai các giải pháp công nghệ tại doanh nghiệp và tổ chức giáo dục.','phat@gmail.com','0933307646','https://oihlyoeuwpcfnoywboyg.supabase.co/storage/v1/object/public/user-uploads/1766234589585-ohqk0l.jpg'),(1032,'Trần Tấn Phát','Anh Trần Tấn Phát là chuyên gia trong lĩnh vực Công nghệ Thông tin và Chuyển đổi số, với nhiều năm kinh nghiệm làm việc và triển khai các giải pháp công nghệ tại doanh nghiệp và tổ chức giáo dục.','a@gmail.com','0933307646','https://oihlyoeuwpcfnoywboyg.supabase.co/storage/v1/object/public/user-uploads/1766234589585-ohqk0l.jpg'),(1033,'Dr. Nguyen Van A','Chuyên gia công nghệ với hơn 10 năm kinh nghiệm trong lĩnh vực AI và Machine Learningcdnclcsncjcndskjcdncdscdcnkdkcdsnknvskcnslcndscjdndsjkcds vdsjvdsncdcndcldcndlcjdcnjdlaclndcnldlndsndcjnldsvnds','a@gmail.com','0933307646','https://oihlyoeuwpcfnoywboyg.supabase.co/storage/v1/object/public/user-uploads/1766052449389-i71zlf.jfif'),(1035,'Trần Tấn Phát','Anh Trần Tấn Phát là chuyên gia trong lĩnh vực Công nghệ Thông tin và Chuyển đổi số, với nhiều năm kinh nghiệm làm việc và triển khai các giải pháp công nghệ tại doanh nghiệp và tổ chức giáo dục.\n','phat@gmail.com','0933307646','https://oihlyoeuwpcfnoywboyg.supabase.co/storage/v1/object/public/user-uploads/1766719369380-g24uwn.jpg'),(1036,'Nguyễn Văn Minh','Nguyễn Văn Minh là giảng viên và lập trình viên Fullstack với hơn 6 năm kinh nghiệm trong lĩnh vực phát triển Web bằng Java.\nAnh từng tham gia xây dựng nhiều hệ thống quản lý sự kiện, thương mại điện tử và đào tạo sinh viên CNTT về Java Web, Spring Boot và CSDL.','minh@gmail.com','0933307646','https://oihlyoeuwpcfnoywboyg.supabase.co/storage/v1/object/public/user-uploads/1766336509523-ffkr3k.jfif'),(1037,'Trần Tấn Phát','Anh Trần Tấn Phát là chuyên gia trong lĩnh vực Công nghệ Thông tin và Chuyển đổi số, với nhiều năm kinh nghiệm làm việc và triển khai các giải pháp công nghệ tại doanh nghiệp và tổ chức giáo dục.','phat@gmail.com','0933307646','https://oihlyoeuwpcfnoywboyg.supabase.co/storage/v1/object/public/user-uploads/1766370748351-l8i7a.jpg'),(1038,'Fernando Alonso','Diễn giả của sự kiện AWS re:Invent\n','FernandoAlonso@gmail.com','0369258147','https://ivsxpvqdxzcjetdohsfc.supabase.co/storage/v1/object/public/user-uploads/1769846613436-gucga9.jpg'),(1039,'Nguyễn Anh Dũng','Diễn giả của sự kiện CAREER MOVE\n','nguyenanhdung@gmail.com','0963852741','https://ivsxpvqdxzcjetdohsfc.supabase.co/storage/v1/object/public/user-uploads/1769843639810-9ggp1.jpg'),(1040,'Fernando Alonso','Diễn giả của sự kiện AWS re:Invent\n','FernandoAlonso@gmail.com','0369258147','https://ivsxpvqdxzcjetdohsfc.supabase.co/storage/v1/object/public/user-uploads/1769846065618-3bpc5.jpg'),(1043,'Nguyễn Anh Dũng','Diễn giả của sự kiện CAREER MOVE','nguyenanhdung@gmail.com','0963852741','https://ivsxpvqdxzcjetdohsfc.supabase.co/storage/v1/object/public/user-uploads/1770721044595-zlca9b.jpg'),(1044,'Nguyễn Anh Dũng','Diễn giả của sự kiện CAREER MOVE','nguyenanhdung@gmail.com','0963852741','https://ivsxpvqdxzcjetdohsfc.supabase.co/storage/v1/object/public/user-uploads/1770721044595-zlca9b.jpg'),(1054,'Nguyễn Anh Dũng','Diễn giả của sự kiện CAREER MOVE','nguyenanhdung@gmail.com','0963852741','https://ivsxpvqdxzcjetdohsfc.supabase.co/storage/v1/object/public/user-uploads/1772014169769-9to69b.jpg');
/*!40000 ALTER TABLE `speaker` ENABLE KEYS */;
UNLOCK TABLES;

--
-- Table structure for table `ticket`
--

DROP TABLE IF EXISTS `ticket`;
/*!40101 SET @saved_cs_client     = @@character_set_client */;
/*!50503 SET character_set_client = utf8mb4 */;
CREATE TABLE `ticket` (
  `ticket_id` int NOT NULL AUTO_INCREMENT,
  `event_id` int NOT NULL,
  `user_id` int NOT NULL,
  `category_ticket_id` int NOT NULL,
  `bill_id` int DEFAULT NULL,
  `seat_id` int DEFAULT NULL,
  `qr_code_value` longtext COLLATE utf8mb4_unicode_ci NOT NULL,
  `qr_issued_at` datetime(6) DEFAULT CURRENT_TIMESTAMP(6),
  `status` enum('PENDING','BOOKED','CHECKED_IN','CHECKED_OUT','EXPIRED','REFUNDED') COLLATE utf8mb4_unicode_ci DEFAULT 'BOOKED',
  `checkin_time` datetime(6) DEFAULT NULL,
  `check_out_time` datetime(6) DEFAULT NULL,
  `created_at` datetime DEFAULT CURRENT_TIMESTAMP,
  PRIMARY KEY (`ticket_id`),
  UNIQUE KEY `UQ_Ticket_Event_Seat` (`event_id`,`seat_id`),
  KEY `FK_Ticket_Bill` (`bill_id`),
  KEY `FK_Ticket_CategoryTicket` (`category_ticket_id`),
  KEY `FK_Ticket_Seat` (`seat_id`),
  KEY `FK_Ticket_User` (`user_id`),
  CONSTRAINT `FK_Ticket_Bill` FOREIGN KEY (`bill_id`) REFERENCES `bill` (`bill_id`),
  CONSTRAINT `FK_Ticket_CategoryTicket` FOREIGN KEY (`category_ticket_id`) REFERENCES `category_ticket` (`category_ticket_id`),
  CONSTRAINT `FK_Ticket_Event` FOREIGN KEY (`event_id`) REFERENCES `event` (`event_id`),
  CONSTRAINT `FK_Ticket_Seat` FOREIGN KEY (`seat_id`) REFERENCES `seat` (`seat_id`),
  CONSTRAINT `FK_Ticket_User` FOREIGN KEY (`user_id`) REFERENCES `users` (`user_id`)
) ENGINE=InnoDB AUTO_INCREMENT=292 DEFAULT CHARSET=utf8mb4 COLLATE=utf8mb4_unicode_ci;
/*!40101 SET character_set_client = @saved_cs_client */;

--
-- Dumping data for table `ticket`
--

LOCK TABLES `ticket` WRITE;
/*!40000 ALTER TABLE `ticket` DISABLE KEYS */;
INSERT INTO `ticket` VALUES (32,7,7,14,34,15,'iVBORw0KGgoAAAANSUhEUgAAASwAAAEsAQAAAABRBrPYAAABI0lEQVR42u3aQRLCIAxA0bDqMXrU9qg9gktWYglBmFGrC0lH57PoUHmsGBJClfRJuwgMBoPBYD/FolibSy+k1X4IMD9W3tI6p6ss26S9bgDmxFZdosxk1glR1w52FpMJdjJTEWDnsBq49rbVCQfxDTaAtSQebLHe5HrY91lrsRs8OPfCBrB9cNlaEo+vtwxsHMsxS6b9LKsT0n3fzDBPlouJFrjKij0mcdhQpm/5keu68ki1wIA5MjvB1vOUFRgPFx2wcaxL4lZg7Ct2LSEM5sXagTZZDinrtAnMkfXFnVYUmk2WoxoQNoDZRce9l09Wr+9DYKOZbZSaTWD+TANXt3kCzJNZ4IqWQ+RZcQcby/oPo0srK2RKMDfG3yFgMBgM9jfsBql8Skq/0WXsAAAAAElFTkSuQmCC','2025-12-11 09:02:11.131000','CHECKED_IN','2025-12-11 09:14:32.053000',NULL,'2026-02-01 00:52:46'),(33,7,7,14,34,16,'iVBORw0KGgoAAAANSUhEUgAAASwAAAEsAQAAAABRBrPYAAABGUlEQVR42u3aOw6DMAyA4TD1GBwVjsoROmaK28R5oYLaoTFq9WeIaPiYrNgm1Mkn4+5gMBgMBvsp5l0e8/NqET/JmhcmmB3TX7LOEjKb+xswI7bGwKyzb1OKHewiJttNYNeyeFNgF7GSuGR3BbNkrYiXxPWm1sO+z7oRdMu863th32cpWFo0ptpPHSQu2EgWx5a2hy+TVvLXmMLGsWd00rq7lTjFsQjMkGkDFcq6LyI+CjNjU81eQaf+PRtmw9rQelF30FkrBRvAWkOrrVTIrS3MlO0O/Ta3z2MwM5YPOiRV8v4QFmbPauKqXS3sAuZi5agvdwIzZTlxpRC1B87KB2wE6z+M6lFfitjB2wdsGOPvEDAYDAb7G/YA38/ueGvD59wAAAAASUVORK5CYII=','2025-12-11 09:02:11.192000','CHECKED_IN','2025-12-11 09:14:32.053000',NULL,'2026-02-01 00:52:46'),(38,8,7,15,38,26,'iVBORw0KGgoAAAANSUhEUgAAASwAAAEsAQAAAABRBrPYAAABGElEQVR42u3aQQ6DIBCFYVh5DI6qR+UIXbpyWmQQNTV2UYa0+VkYW7+uJs4bSJ18sh4OBoPBYLCfYrPTFV53o8xeJv3Cw+xY/iRTkEVZ2D+AGbEpFWYKc72stYN1YhIHgfVl6aHAOrHSuORwB7NkNcRL47rJetj32W4t+ZW5m3th32drsXJo+G2eetO4YE2Z10t0uq3QJD8VC9aSpbxww7Jt7rRrjaf4gDVleYBKL4ps9iLEYW1Zie4xDsd9NsyG1ZWrsyQreasBs2J1oK3zVNnwwczY4dAvutrHBGbJ9KAjx/n+EBZmz2qcl6kW1oWVEK99DGbFtHHNesikP7iKD1gLdjj0W6N7rdj5lYG1ZPwdAgaDwWB/w57SV4oomMXV5gAAAABJRU5ErkJggg==','2025-12-11 09:27:07.822000','CHECKED_IN','2025-12-11 09:27:40.896000',NULL,'2026-02-01 00:52:46'),(39,8,1,16,39,35,'iVBORw0KGgoAAAANSUhEUgAAASwAAAEsAQAAAABRBrPYAAABHElEQVR42u3aMZLDIAxAUVFxDB/VPipH2JLKCgYMzGzWSRHkyc6nwua50oAkxqLvjB+BwWAwGOyrWJQ6ljJzutUXDmbHypNui+6yBp9nwwLMiG05RAeTJX8Qc+xgdzHxsJtZFg52DzsPrjTC+cHF+QabwHoSdzVYL3I97POsjzgsXtS9sAksLa6hJ/H495aBTWTurGVznNq+WWCG7MgcpaXz2iImpbSFWbFYQ6TB14I2jf15iw2bxtLBpeMeORsMmCEbknhtMHLYVo0wO9YL2nbHUazADNnY3OWOIqVz+R0s2GRWLzraTPx+cR8Cm8tac/e8lIJZsKO3GDePg1myenCV2T5cPMHM2Hjpp6G3FV5hZozfIWAwGAz2b9gDJVFYlueDMjgAAAAASUVORK5CYII=','2025-12-11 10:08:17.110000','BOOKED',NULL,NULL,'2026-02-01 00:52:46'),(40,8,7,16,40,38,'iVBORw0KGgoAAAANSUhEUgAAASwAAAEsAQAAAABRBrPYAAABHElEQVR42u3aMXKEMAxAUVH5GBwVjuojpHSFApJZeycbkiIWs5nvggH8XGksIQ+ivxkfAoPBYDDYW7Eidcx+N+laX0ywOOZPus66yZKT3XUTsCC2WogOJrMtKBY72F1MEuxmZmKC3cPOxLWPfC64yG+wAawV8akG64daD/t71kbpJi++e2ED2D655FbEy/dbBjaOWem2EJV6WR+bBxbFjqecNs9Vi3rEXhdx2EjmgTn6Or/o2WDAApkHq2vuzhQGi2JPRdwKia1aFBbI2gftI2dZNckCC2R9c2cdxR4x+Ros2GBWDzraAXjaLs5DYKOZJy7bRi9qPSyAdUVc/R0skNXEVZ777AILZP2hX9dWSFJYGON3CBgMBoP9G/YJQr0wZHQmsuwAAAAASUVORK5CYII=','2025-12-11 12:41:44.828000','CHECKED_IN','2026-01-01 18:06:44.824000',NULL,'2026-02-01 00:52:46'),(41,8,7,16,40,39,'iVBORw0KGgoAAAANSUhEUgAAASwAAAEsAQAAAABRBrPYAAABHElEQVR42u3aOxKDIBCAYaw8hkfVo3KElFRsBBbRPMYUcZlkfoqMwS/VDvtg4uSTdXMwGAwGg/0UC07XtD7NEgZZdGOA2bHyTZZJorJp/wJmxJYUmGUK7SPHDtaJiR8F1pellwLrxGriksMTzJK1Il4T10mth32f7VYsR+as74V9n+VglaIxbP3Ui8QFu5KlfT/qy9zQaiV/iCnsSpb3nQ4TpX6nNQvMkuWtWPdDFSliMDOWqvZ6ZEr2cmOdsx3MkLVVxoqcx6SMGjAr1hracm6itrYwU3a49PO7HwjMkulFh9TstV3CwuxZK+e1q4V1Yc6N23AnMFOmiSsFy29h8+/KB+wKdrj0y6U7T9zP0wfsOsbfIWAwGAz2N+wOoOSbJm8HR24AAAAASUVORK5CYII=','2025-12-11 12:41:44.968000','CHECKED_IN','2026-01-01 18:06:44.824000',NULL,'2026-02-01 00:52:46'),(42,8,7,16,41,32,'iVBORw0KGgoAAAANSUhEUgAAASwAAAEsAQAAAABRBrPYAAABF0lEQVR42u3aSRKDIBCFYVxxDI8ajsoRsnQlCdgMJg5ZpLGS+lk5fK5e2Q2oCZ+Mu4HBYDAY7KfYZGSMy9EQnFwYYP3YchZcZDcf2djegHViziw352dCVh54Zge7iElYsOtYuj7BLmK5cEnNOqtvMAVWm7gkdtbrYd9ndaQH7Om8F6bAUpGK/XsssaWc/HumME2WWnfwNtqDxR1MkcVKZV/ax7y1uIMpshiWjXNZW1r3lLILsH5MipQrb4uTOjbAurGmiefqZexc2zmsB6sT2njmTeomJr9BsE6s3fTLOTXtHNaJ5e2mUNZ1ZrvXw/qw4wktTJ+ttpvcblgwHdZ8DDqc0ML02HrTbzcsmCbjdwgYDAaD/Q17AOifbzRwjW5yAAAAAElFTkSuQmCC','2025-12-11 12:50:44.141000','CHECKED_IN','2026-01-01 18:06:22.652000',NULL,'2026-02-01 00:52:46'),(46,14,7,27,42,316,'iVBORw0KGgoAAAANSUhEUgAAASwAAAEsAQAAAABRBrPYAAABGUlEQVR42u3aOxKCMBCA4VBxjBwVjpojWFKxmmxCguJgYZbR+VM4IB/VTvYRdfLJujkYDAaDwX6KLS4v/7iaZBlkzl8MMDumdzJ7WTPz7QOYEZtjYGa/1I8UO9hFTMIosGtZfCiwi1hJXLK7glmyWsRL4jqp9bDvs2atumXO+l7Y91kKlhaNYeunDhIXrDObYpymkPZIreQvwYJ1ZW7LVFq/45relQ9YJ6bB0sSlt4dFHNaXpT2SqnYYy5wdkxnMitWlY8XavgUzYrWhLWdOzpeBD2bGdod+wZWIPTe0sM4sH3TEOGlrWw5hYfasGStyVwu7gKUxbxvuBGbKcuLavZBnPZgRa38YdbWrDaPAzBh/h4DBYDDY37A7zdA/CgESKmsAAAAASUVORK5CYII=','2025-12-11 23:07:47.228000','CHECKED_IN','2025-12-18 08:04:24.664000',NULL,'2026-02-01 00:52:46'),(80,14,7,27,43,328,'iVBORw0KGgoAAAANSUhEUgAAASwAAAEsAQAAAABRBrPYAAABG0lEQVR42u3aMRLCIBCF4aXKMXLU5KgcwZJKjAsriWOihWxG56fC8FExsA9GyZ+0i8BgMBgM9lMsSW1j6YU81w8B5sfKrzyP+SpTHLS3GoA5sVmX6M5k1AlJ1w52FpMBdjJTEWDnMDu4lhZtwsH5BuvAWhEPdbHe1HrY91lraTV4kHthHdgyOMVWxNP+loH1YxagtDflx74ZYZ7MisY9RdVZL4o4rDfT7DRlC7SbBYT5sO1xZZdtmwDzYa2I1wtGjkN98oB5sRZoS/mwPBX3ci+sB1tf7vRGsSQrKeUc5sjqQ8cj2spwPXgPgfVldnDpvnkq4jAn1h7Ay+YJME9mqTZsklWCObLNo1+7VshelIJ1YPwdAgaDwWB/w259QojA7OwySAAAAABJRU5ErkJggg==','2025-12-12 08:25:45.719000','EXPIRED','2025-12-18 08:03:39.408000','2025-12-18 08:37:33.258738','2026-02-01 00:52:46'),(81,1014,7,1022,44,277,'iVBORw0KGgoAAAANSUhEUgAAASwAAAEsAQAAAABRBrPYAAABD0lEQVR42u3aQQ6DIBCFYVh5DI9ajuoRunQlRWcA21Tqooxp87sgYr/dS2YGUhfPPHcHg8FgMNhPsdnpM6ZNGGcfg37wMDsmuyTytr7BDFlYg5GcNLE1O9glrIYFu5At7jY52EUsF64l/TrEj/UN1oGVJj77U70e1oHVp/bv5twL68CkSGk6WrPqZAUzYl6XKdWstKw9RBaYLSutexP7HgKzYTJAOU1H3soWZsckna1wuUZYsI6sNvEUUbnyCMejFOz7bDfQliNdPmrAzFg53L2ENcBMWXBP1xuhLDB7Fuss+3aghVkwOVtsTXxp35PDOrBcuPSmSQba4/YB68D2l36NsGA9GX+HgMFgMNjfsAdJXHw22IKnmgAAAABJRU5ErkJggg==','2025-12-12 10:09:37.157000','BOOKED',NULL,NULL,'2026-02-01 00:52:46'),(85,17,7,21,45,26,'iVBORw0KGgoAAAANSUhEUgAAASwAAAEsAQAAAABRBrPYAAABEklEQVR42u3aOxKDIBCAYaxyDI8KR+UIKa3YiDwzMTGFrJPMT+EgflaM+2A08s24GxgMBoPBfootJo95nVlZJnF5YYLpsXQnbpaQ2dw/gCkxFzfGzUu7bHsHu4iJvwnsWhYfCuwiVgKXPM1gmqwl8RK4DnI97HzWjZA+maO6F3Y+2zYrJY2p1lM7gQs2mFmpiaTL5C+bBRvIavrYZiWOWYEpsji86WtZ29ZgWiykM441eoV0se3jgWmxOlJbsbK9wAUbylpB2+1dbvhgaqxv7lx+IXzIMrAxLB90SCilbTmEhemztF5EjF6wa5i/1eZOYKqsayt8OYS1/l36gI1g/aFfaTByPQXTYvwOAYPBYLC/YQ+x/xCDaFC7KAAAAABJRU5ErkJggg==','2025-12-12 13:25:20.154000','EXPIRED',NULL,NULL,'2026-02-01 00:52:46'),(89,17,7,21,46,29,'iVBORw0KGgoAAAANSUhEUgAAASwAAAEsAQAAAABRBrPYAAABGUlEQVR42u3aSw6DIBCA4WHlMTwqHpUjdMlKqoBATbBdlDFtfhaNLZ+rCfMglfDJeggMBoPBYD/FvOQ1pycTlvyDgemx9C0sc1jFuik+NRswJbbEEO1M5viCj7GD3cVkgt3MojCwe9iRuLbljhcu8htsAKtF3ORgvan1sO+zunyzedH3wgawbdO6WsR9/8jAxrE9Z6UQlSNTPmBqbBsmSvayIUVMUmsL02I+n5Yk9oY2hGPAgGmx1EBJk7PqmAfTZKci7qZ85QHTYrWhPdle3wsbwdrhLk4U1sVC4mGqLF90lNZWpvXiPgQ2muXhrtNKwRRYvQCvowZMjeXE5V/nbA9TZO2lX3BlrJBeKwUbwPg7BAwGg8H+hj0BBR8+dMAekYUAAAAASUVORK5CYII=','2025-12-13 20:47:03.794000','CHECKED_IN','2025-12-22 18:03:51.460000',NULL,'2026-02-01 00:52:46'),(102,14,7,27,47,314,'iVBORw0KGgoAAAANSUhEUgAAASwAAAEsAQAAAABRBrPYAAABDElEQVR42u3aMRKDIBCFYaw4hkfVo3KElFYSgVXWxMQUYZ1kfirFj+qN7Mro4ifj5mAwGAwG+yk2ORl9ueriKBMdzI6VuzgmNoTEev0AZsRGVx7OS0JeFizZwS5iEhbsOpbnJ9hFbN24ZM86299gDVgt4pLYWa2HfZ/VkRf4074X1oDlTSrV736LLecUnjOFtWPyjgxpwaCzg5myqBqoUj7mwyIOa8by1BpQ7acew4K1ZkPws5xxvAsL1pDpIi4LvAoQZsFqQ5vugstnTqqQwEzY7uPOvQwL1pjpQz+362ph9mw74zj6uIPZMNXQxjIHM2SHvWzwEWbH9KGfLDgKC9aS8TsEDAaDwf6G3QFCoGF+YkkzVAAAAABJRU5ErkJggg==','2025-12-15 10:11:32.029000','EXPIRED',NULL,NULL,'2026-02-01 00:52:46'),(105,14,7,27,48,312,'iVBORw0KGgoAAAANSUhEUgAAASwAAAEsAQAAAABRBrPYAAABC0lEQVR42u3aTQ6DIBCG4XHlMTyqHNUjdMlKKjKAqT91M5g2Lwsj9tl9ycxAKuHOegkMBoPBYD/FvOgalo0bfBecfuhg7VjaLSJv6xusIXMxmJSTJhazgz3CaliwB9ks4ySwh1guXPPyax++1jeYAStN3He3ej3MgNVV+/fl3AszYKlIaTpas+pkBWvD1qbRr51D8lt8BFhzltOJYttDYG2YF82pNBKNbddlYIYsdu2DsATWkO2beHpEC2vF9gNtOlFMsJasHO6uw4IZM1dm2TGUE9753SDMkqWLjjLfnoUFM2VrCevVylWmMANWC1eYykD7edEBM2XbJp4H2oOwYJaMv0PAYDAY7G/YGxnJW/wOC2PMAAAAAElFTkSuQmCC','2025-12-16 09:45:23.530000','EXPIRED','2025-12-18 08:08:03.779000','2025-12-18 08:17:41.932766','2026-02-01 00:52:46'),(106,17,7,21,49,25,'iVBORw0KGgoAAAANSUhEUgAAASwAAAEsAQAAAABRBrPYAAABFElEQVR42u3aPQ7CMAyGYWfqMXrU5qg9AmOnhkT5cfgpMOBUoDdD1MCzfcJ2IyR8si4Cg8FgMNhPsU3KmuPBz5sLvnzgYONYPkVRj/oEG8h8CibnVBJL2cFOYRoW7ES2y7IK7CRWC9cev53C2/oGM2CtiW/uo14PM2C6tH+/nHthBiwXqZJOqVk6WcGGsWWd9Gmv28MvC2bHUtPI5aqKvofAxrAuonhaJR3z5mDjmCuJyaRbyEMubBTrmniMqF15eJkCbBjrBtr2Spe2FTaStZc7vW56FhbMmPk2yy6hveEd3w3CLFnYbwbao7BgpqwOVbmTv8wU9n2mhasbaO8vOmCm7KaJy2FYMEvG3yFgMBgM9jfsCnqVJlC4e1ulAAAAAElFTkSuQmCC','2025-12-16 09:49:56.532000','EXPIRED','2025-12-22 18:07:11.208000','2025-12-22 19:02:54.826639','2026-02-01 00:52:46'),(116,15,7,26,50,122,'iVBORw0KGgoAAAANSUhEUgAAASwAAAEsAQAAAABRBrPYAAABE0lEQVR42u3aSxKDIAyA4bjyGBxVj8oRumRlankIdqrtosRp52fhUPlcZUgIU9FPxk1gMBgMBvspFiQPl2aDzvnFALNj6ZfOTheZ/BhnzQLMiM0xRA8mLn4QYuxgVzEZYRezKAbYNawkrnX48sFJfoN1YLWIDzlYb2o97PusjtAsnpx7YR3Yujj5WsTD8ZaB9WPlGJtmuu0bBzNk9X3pLWqbB7NiKVglTlLCBjNlcWc0QpsUBrNiuyIeC4nG2HmB2bF6oE3lY8tZAWbI9pd+IvkBM2b5omM72sq4nNyHwPqyPEvbyD01dzAbVu6c0uPFuRfWk+XEFXINkYPmDtaRtZd+6mtbMSrMjPF3CBgMBoP9DbsDfGxlAoI60cwAAAAASUVORK5CYII=','2025-12-17 08:23:12.135000','EXPIRED',NULL,NULL,'2026-02-01 00:52:46'),(118,8,7,15,51,31,'iVBORw0KGgoAAAANSUhEUgAAASwAAAEsAQAAAABRBrPYAAABF0lEQVR42u3aOw6DMAyA4TBxjBwVjsoROjLFJQ+HUFHRoTFq9WdAQD4mC9sJOPlkPBwMBoPBYD/FVleG384mWQeZy40BZsfylcxeQmG+nYAZsTkGZvbrfkixg93EZBkFdi+LkwK7iWniksMZzJLtRVwT10Wth32fNSPkV+aq74V9n6Vg5aIx1H7qJHHBerLayy6uLCu0ksOMmWavqeax7SmYHVv1Vu1lJzkv4rB+LAbLjalyhJjCdJ0dkxnMkEkbnZjCzhMXrB/bG1otJHtrCzNjh8Xdkh8Imr1gZqxsdOTE1W7CwuxZrt+h6WphN7A0WRd3AjNlh7WFhm1590kO1oO1H0bzVl+K2OsrA+vJ+B0CBoPBYH/DnvJqigqT2J9gAAAAAElFTkSuQmCC','2025-12-18 21:34:27.019000','CHECKED_OUT','2026-01-01 18:07:17.449000','2026-01-01 19:10:26.546095','2026-02-01 00:52:46'),(121,1014,7,1021,52,251,'iVBORw0KGgoAAAANSUhEUgAAASwAAAEsAQAAAABRBrPYAAABEklEQVR42u3aOxLCIBCAYag4BkdNjsoRLKlA5CEkarSQzej8FJkYvlQ7yy5EFT8ZFwWDwWAw2E8xr+qw5U7HtT7QMDlWfsXVxqAWZ/LdMAETYmsO0Y0pm1/wOXaws5gysJNZFhp2DmsLVxquvXCwvsEmsF7EdQ3Wm1oP+z7rww+TB30vbAJLk4vrRdy/ThnYRNaeOxO2eQOTY61ytEuo2zz7kFmweSwvVybUvLk1tGmE51UGNpOVHDG7iMHk2FDE23LlWuxgUqw3tLt+ysME2bi5yzuKFKd0gQmzetBxb22VCQfnITARVkvKrpWCybB+AF6SR8MkWV24/Haf7WGCbPthtG8rTISJMf4OAYPBYLC/YVfraBNU40ggngAAAABJRU5ErkJggg==','2025-12-20 19:13:34.381000','BOOKED',NULL,NULL,'2026-02-01 00:52:46'),(132,16,7,24,53,77,'iVBORw0KGgoAAAANSUhEUgAAASwAAAEsAQAAAABRBrPYAAABEElEQVR42u3aTQ6DIBCGYVxxDI8qR/UIXbJiGn4ENVW7kDFtXhZGy+PqC8xgauSb8TIwGAwGg/0U86aMUYKZxA/iyg8DTI/lJ3FjvJttvFtPwJSYi8G4HFZ+IWYHe4S1sGDPsZhTeQGmz2S7UK72N1gHVou4L+vmotbDOrDNcMvked8Lu5v5EkyKaIqP02xDvMD0WB4hT5p9VwtTYksba2yx5YRnYYpM6mpZ6vdshk+ZwjqysKrf0sLaNbSwvqyO2kXVwzZMi20aWml71nzS98JuZ/Vwlyr5YViwzqx9bnKHrRRMj+XsYA+zUsTTuoGpsvbRL29XqaHdHStgfVkr4vF6GBasJ+PvEDAYDAb7G/YGehv8prqwlNAAAAAASUVORK5CYII=','2025-12-20 19:24:23.115000','BOOKED',NULL,NULL,'2026-02-01 00:52:46'),(138,1014,7,1021,54,248,'iVBORw0KGgoAAAANSUhEUgAAASwAAAEsAQAAAABRBrPYAAABE0lEQVR42u3aOw7DIAyA4TD1GBw1HLVH6MiEG940rZQOwVGrn6Ei5ctkgW2URb4ZjwUGg8FgsJ9ifinDbrNVvBFX/jAwPZafxFkJhdlxAabEXAyMs77/pNjBLmJyvwnsWhYXBXYRqweXvMxgmqwn8XpwHeR62PlsGCFvmaO6F3Y+S8HKScO0eurDwQWbyWKIItvydyloayaHqbI175bc3JVTa93vLNh0FkWrZbOIjzA1Ji1rJ9v6bG9gmqyM3FaEFjaYHusFbS6lwlDawtTY2Ny59sI+fcBms3LRUYuqfgkL02dDW2HekjhMi6U2rzV3AlNl5eBKVW19Ic1gamy89JO0mKra/ZaBzWR8DgGDwWCwv2FPO6N8VEDygC4AAAAASUVORK5CYII=','2025-12-20 20:12:59.352000','CHECKED_IN','2026-01-01 13:15:50.841000',NULL,'2026-02-01 00:52:46'),(139,1014,7,1022,54,258,'iVBORw0KGgoAAAANSUhEUgAAASwAAAEsAQAAAABRBrPYAAABEklEQVR42u3aOw6DMAyA4TD1GBwVjsoROmbCJcQmvCQ6EKNWf4Yqha+TFT+gQb5Z7wCDwWAw2E+xGHS1066T2EivFxqYH8vfpG9lVNaub8CcWJ8C07exfMyxgz3EZHgJ7FmWbgrsIWaJSzY7mCcrRdwS10Wth93PVmvMR+aq74Xdz+Zg5aLRLP3USeKCVWVaPqx+2+44VsDqsfmg2DCR63da3f5kwaoyPTed2GnJIkUM5sXS9SFozppS2DJnH/IbrB47iVhJYTAnVhraXR6DebLNcDfkH4yH8gGrzfRBhxWN8hAW5s/iEiframGPsKlyLMOdwFyZJq7SVNkO5sY2L0aHPGxrPwXzYvwdAgaDwWB/wz7irdf4Mbvh0gAAAABJRU5ErkJggg==','2025-12-20 20:12:59.434000','CHECKED_IN','2026-01-01 13:15:50.841000',NULL,'2026-02-01 00:52:46'),(140,16,7,23,55,67,'iVBORw0KGgoAAAANSUhEUgAAASwAAAEsAQAAAABRBrPYAAABHUlEQVR42u3aMRLCIBCFYVJ5DI6aHJUjWKbKGmCBxIxoITA6PwVj4me1A29JNPLJuBsYDAaDwX6KrUaH3S8Wu06y6I0J1o/FKxVxOn4B68QWXxit0y38wNcONoTlS9hAtup2BRvC0saVM6S+v8EasBziOT7qWQ9rwMpIZXvT98IasL1Ys/PRHfI7bFxxusF6s83M5ZNOsI4s5/e5YlZg/ZhsXmh1Sj8l7ik+YE2Z+Fupg/WrJZbNXlMG1pRJWTy+doenHbA+7NTQhoUS1s3sKn0v7OssH+7EJ3k63F1aKVhjVlL7cM6+PgCH9WCxbBof4mBDmOiJInRWlSe0sCasvAyKJXpxuIM1ZCXEw56VDxgC68f4OwQMBoPB/oY9AJsDUawqJmHJAAAAAElFTkSuQmCC','2025-12-21 21:07:11.445000','BOOKED',NULL,NULL,'2026-02-01 00:52:46'),(141,16,7,23,55,66,'iVBORw0KGgoAAAANSUhEUgAAASwAAAEsAQAAAABRBrPYAAABFUlEQVR42u3aOxKCMBCA4aTiGBwVjpojWKYiwuapKFiYZXT+FAySjyqTfQRN+GTcDAwGg8FgP8W8SWOMdzbM6YGF6bH4K8xjWMzkBrlrJmBKbJYl2pgZ5QUvawe7ipkBdjETYWHXsBy41uHyCwfxDdaB1SRu02Kd5HrY91kdvpk8qHthHdg6ObmaxP37LQPrykyMWcNa0IZm38BU2bSJnLWX3OYNAabKZHvIvkmTqcGAqbFSwdbmLjcYMC32IolLCHOnpRTse6wWtOWMI2YOD1NkT82dVFY5mMH0WDroaHLIcnAeAuvNUhlbilyYOsv7Jl72H4NgXVkKXLWeyh0eTI09fhgtbcW+uYP1Y/wdAgaDwWB/w+58XhREhctQpAAAAABJRU5ErkJggg==','2025-12-21 21:07:11.574000','BOOKED',NULL,NULL,'2026-02-01 00:52:46'),(142,1014,7,1021,56,242,'iVBORw0KGgoAAAANSUhEUgAAASwAAAEsAQAAAABRBrPYAAABI0lEQVR42u3aQQ6DIBCFYVx5DI+qR+UIXbpyKjAMNja0C8G0+V2QUD9Xk84bbJ18cz0cDAaDwWA/xVan17RvlmkdZNEPBlg/lnYq0nK8AevEllAYrdMYHwi1g93CbAu7ka3armC3sNy4LEPq/Q3WgFmIW3zUsx7WgJUrl+3D3AtrwPZizT5Ed8zv2LjSMsI6sr1E3umy39zCU2E5HytgLVkZaMVbxSYRWDcmkvIiVqfMU+JP8QFrx0LjkjRF6bfFpRPeOT5gzdghxNW6w9sOWB/2OtDa4W72tbkXdjWzw12sUz7cvRulYC1ZTu3NWpgmOaw/s8YV6+Rht7BDiG+1N7SwJqz8GKTHvHTCE1g/VkI8jLaiojJKwa5n/B0CBoPBYH/DnquFEPwDKJgzAAAAAElFTkSuQmCC','2026-01-01 13:19:30.725000','CHECKED_OUT','2026-01-01 13:20:25.785000','2026-01-01 15:37:57.360000','2026-02-01 00:52:46'),(143,1014,7,1021,56,243,'iVBORw0KGgoAAAANSUhEUgAAASwAAAEsAQAAAABRBrPYAAABD0lEQVR42u3aPRKDIBCGYaw4hkeVo3KElFZuZnGF/GiSIqyTzEvhKD5W35B1MUE+GZcAg8FgMNhPsTnYGGUJk8yDJJsYYH5svZI06lmOenZ7A+bEkgaT1rDWBzQ72CmshQU7j2lO9gDMn8n9Qnn3+wbrwGoRn23dvKn1sA7sbqTt5uv3Xti32WzBlIgmvZxyXPQAc2SldC8mpFbynbYC1o9ZX2eJxdbhwRyZphO2hVKmcqiVHObDynxZI1Hq4tm6DJgjk72Np6NaD+vA9l5oo60bmBurzZ1GlA/DgnVmj9sbN/uvMHc2PO+Cw05grcEIMGfWPgatEeWw1RCYF2tFXI+HYcF6Mv4OAYPBYLC/YVfaPYuQjEXNlgAAAABJRU5ErkJggg==','2026-01-01 13:19:30.948000','CHECKED_OUT','2026-01-01 13:20:25.785000','2026-01-01 15:37:57.520000','2026-02-01 00:52:46'),(144,1014,7,1022,56,253,'iVBORw0KGgoAAAANSUhEUgAAASwAAAEsAQAAAABRBrPYAAABFElEQVR42u3aMRKDIBCFYaw8hkeVo3qElFYSFlaFcRhTZHGS+akS/KzeAMsmLnwyXg4Gg8FgsJ9iq9Mx5U9D8DoxwPqx/C14YfMibCofwDox7/LDLSY06gsxO9hDTMOCPcfS/Ap7iO0bl+5Zd/sbzICdh7gmdnfWw77PzpFeGG/rXpgBS5uUnN/TEVvKablmCrNjskYkon2+ERbMkqUy9rjS6fGxXTcumCmTnMZYy4a1rKfiXIB1Y3KxDnsB5YuwYB1ZdYjPElsUW148sF7sLGjT4nGp56QBwrqx6nLnmmHBjFnVbqqqWlh/dvQ4WnUvzJ5V7SbfDAtmw4ofg0KzoIWZsrrp1wwLZsn4OwQMBoPB/oa9ASW3fK4H58f3AAAAAElFTkSuQmCC','2026-01-01 13:19:34.144000','CHECKED_OUT','2026-01-01 13:20:25.785000','2026-01-01 15:37:57.683333','2026-02-01 00:52:46'),(145,1014,7,1022,56,252,'iVBORw0KGgoAAAANSUhEUgAAASwAAAEsAQAAAABRBrPYAAABGElEQVR42u3aTQ7CIBCGYbrqMXrU9qgcwSUrsPyN/UnQhQzRvCxI0KerSecD1IRPxsPAYDAYDPZTzJkyln2xLW4KW/lggumxvCoiT8cvYEpsi4UpdZrTA7F2sCFMlrCBzJV2BRvCauOSDGn3N1gHJiEu8dHOelgH9hq1bG/2vbAObC/WamN0p/xOjStPM0yP1Z615iCZfXxqn+41hXVk/iDMuWIwNZZSW6rjJDkcTJHVEi25hcny9srAOrJLiPu6qYIpsvOGVg53q23te2HfZtO1e6U63XZcsM6sXjelOK/n7PsFOEyDuWJTfAQLG8KClxD3rRtaWBd2+DEovSg2n/ACTI+dL/1CEe2tFOzLjL9DwGAwGOxv2BOMXHsK76tHvQAAAABJRU5ErkJggg==','2026-01-01 13:19:34.466000','CHECKED_OUT','2026-01-01 13:20:25.785000','2026-01-01 15:37:57.823333','2026-02-01 00:52:46'),(154,1028,10,1062,61,22,'iVBORw0KGgoAAAANSUhEUgAAASwAAAEsAQAAAABRBrPYAAABCklEQVR42u3aMRKDIBCFYaw8BkeVo3qElFYSZFfBSRhThHWS+Skcgx/VG5dV4+In4+FgMBgMBvsptjgdXs6GGHRigNkx+RXDxqZ5Y76+ADNiwcnFNSU06oKUHewmpmHB7mN5foHdxPbCpTXrqr7BOrCyiWtiV3s97PusjLxgvOx7YR1YLlLb/u2P2HJO82umsL5MilTaxOvsYLYst7FSvWT7WMvNA7NjmlPpp+IMM2TyMKE5aVP1JixYX1ZXqrDFlrM7VsEsWGlo99jkEGGWrH64S+WqFRasM6tf+rlTVwu7g03tj0EwG1ZunhhlDmbI6pd+zb4X1pWdPoz6Zliwnoy/Q8BgMBjsb9gT/G48lILg1VoAAAAASUVORK5CYII=','2025-12-22 00:06:10.930000','BOOKED',NULL,NULL,'2026-02-01 00:52:46'),(155,1028,10,1062,62,31,'iVBORw0KGgoAAAANSUhEUgAAASwAAAEsAQAAAABRBrPYAAABDUlEQVR42u3aQRKDIAxAUVhxDI+qR/UIXbKS2gQFdbRdlDjtfBYMlucqQwhYlz5pDweDwWAw2E+x6HLrdOTTkH/wMDumT2no0uT6MciomoAZsUFC9GKukxeixA52F3MBdjMT4WH3sCVxzW1cXrjIb7AGrGziPgfrzV4P+z4rLVaTF3UvrAGbJ/uxbOLxfMnAGjK/7/K6CQlmysaw1rIaMaePMCv2mpR0JTaHqIxgJmwtaKuqFmbNqk3ca0ErYZMtBWbFSkG73nFoPRVhhmx3uJPKau5gxiznrJLCwnRxHwIzYbqMjhUXzIIt60a748cgWFOWE1fcnrMjzJBtLv3OjxWwloy/Q8BgMBjsb9gT7TZy9BpCZUIAAAAASUVORK5CYII=','2025-12-22 00:07:26.249000','BOOKED',NULL,NULL,'2026-02-01 00:52:46'),(156,1028,10,1061,62,21,'iVBORw0KGgoAAAANSUhEUgAAASwAAAEsAQAAAABRBrPYAAABF0lEQVR42u3aOw6DMAyAYZg4BkdNjsoROmbCbZwnhYoOJKjV7wFR+JgiOzZ0kG/iMcBgMBgM9lPMDTHm15kRN4qNF0ZYPxZ+iZ1ljWyub8A6MesXxs6uHHTtYDcxWSaB3cv8TYHdxFLhks0ZrCcrm3gqXCd7Pex6VsUaUuas74Vdz3SxwqYx5n7qoHDBWjIfi6aHS4ewk+/XFNaUxWxZw4SnYbyF9WJpvzBLmbOPChesJZNSs3zyTHnO3hUuWFMWI1xfQ7bAurLS0FbVa4R1ZvVwZ/MDZl/fYE1ZfNFRsiW9hIX1Z9VYEbta2A1Mx7w83AmsKyv9lI55+oBZPn2Sg7Vgmw+jelO72veUgbVk/B0CBoPBYH/Dnle/76QnJjcHAAAAAElFTkSuQmCC','2025-12-22 00:07:26.341000','BOOKED',NULL,NULL,'2026-02-01 00:52:46'),(157,1028,7,1061,63,15,'iVBORw0KGgoAAAANSUhEUgAAASwAAAEsAQAAAABRBrPYAAABFUlEQVR42u3aMQ6DMAyFYZg4BkeFo3KEjky8QkhiUKF0aIxa/RkQJV8mC9sJrfTJeFQwGAwGg/0UG6s42vmu01irjw9qmB9bf6lvNUXWbidgTqxfAtO3o11C7GA3MQ2NYPeyZVKwm1hKXNrdwTyZFfGUuC5qPez7bDOm9ZW56nth32chWGvRqHM/dZC4YIVZt5Ru2WSo5FUjmBuTNr2s5bG4FObD8nMl1r076ICVYl20S/1u8j77NXHBijEbuXwMqZrAvJg1tNZPHccUVpDtNnfDumCy7AVzYvGgQ7GBskNYmD8bc5xSVwu7hc2VI2/uBHNltreYE1decPZJDlaCbQ/9AlOI2MnmDlaE8XcIGAwGg/0NewLPgsms29pBlQAAAABJRU5ErkJggg==','2025-12-22 07:07:55.817000','BOOKED',NULL,NULL,'2026-02-01 00:52:46'),(158,1028,7,1062,63,25,'iVBORw0KGgoAAAANSUhEUgAAASwAAAEsAQAAAABRBrPYAAABEklEQVR42u3aOQ6DMBBAUVNxDI6Kj8oRUrpiovHGEggp4kGJvouI5bkazYIVJ5+sh4PBYDAY7KdYcHkNMrtRQic+P+hgdizdiR/0aur1av0CZsS8BsanYKUNGjvYLWwJFuw+pnHKG2D2TLaJclXfYA1YbeIh581Fr4c1YJvly8v3cy/s2yzkwMQQjXo7Tv2sPzA7JnN5XvKmdPIOZsZCnmWd0+jEDbWxw6xY6d/jUqummEG9wMxYLVxDrVlS2jnMii0r1qzl4Oms18MasKOBts95AzNj9eMu1ayzYMEas/3xxur8FWbOutdTcJg503RJTTzmDcyU7afaw4EW1pStm3j5uDsIFqwl4+8QMBgMBvsb9gSo7qFcTIxCwAAAAABJRU5ErkJggg==','2025-12-22 07:07:55.970000','BOOKED',NULL,NULL,'2026-02-01 00:52:46'),(159,1028,7,1062,64,29,'iVBORw0KGgoAAAANSUhEUgAAASwAAAEsAQAAAABRBrPYAAABH0lEQVR42u3aOw6DMAyA4TBxjByVHJUjdGTCJc4LKio6NEat/gyIwpfJiu2EOvlkPBwMBoPBYD/FFpeH3+4mWQYJ+cEAs2PplwQva2Z+/wJmxEIMTPBLu2jsYDcxmUeB3cviS4HdxEriksMdzJK1Il4S10Wth32f7caalsxV3wv7PtNgpaIx1H7qJHHBurJYurfH06xrpFbyk20FrBsTKZmqdlFOZ40CM2NaL8a4UMoKmk4TF6wni2NOwVrTJe+zlwFmymqcnJaPuVQTmBVrDW05c2qtLcyM7Td3IU9YW/aCGbF80NFWSzmEhdmz9LyIs1YKZsC0ja2bO4GZspy40javTnj3SQ7Wgx0O/XRjrRF7XTKwnoy/Q8BgMBjsb9gT05eu9GcwaLsAAAAASUVORK5CYII=','2025-12-22 07:13:07.920000','BOOKED',NULL,NULL,'2026-02-01 00:52:46'),(160,1028,7,1062,65,54,'iVBORw0KGgoAAAANSUhEUgAAASwAAAEsAQAAAABRBrPYAAABFklEQVR42u3aOw7DIAyAYTJxjBw1HJUjdMwUtzwDUat0CI5a/R4qWr5MFtiQGvkmHgYGg8FgsJ9iq8kxv0aLrJO4/MME02Ppm7hZtszmdgKmxFxIjJvX/SPmDnYTE28Fdi8LkwK7iZWNS7oRTJPtRbxsXCe1HnY9a2JLS+as74Vdz2KyUtGYaj/1ZuOCDWV1UqSr5IdkwUayILzpetkQy6F8wIaytGSirefsEN7AFNmUK0dMkbf1nL3C9Nge6VgR0laqCUyL7Q1tqiFb09rC1Fh76dc9IDBNli86IrPtJSxMn9WNS0pXC7uBhZGthzuBqbK8cYVe1pe0Lf7TKznYCNa9GI2Tsas9LhnYSMbfIWAwGAz2N+wJzAxQvNELuJ8AAAAASUVORK5CYII=','2025-12-22 07:18:41.751000','BOOKED',NULL,NULL,'2026-02-01 00:52:46'),(161,1028,7,1061,66,17,'iVBORw0KGgoAAAANSUhEUgAAASwAAAEsAQAAAABRBrPYAAABHUlEQVR42u3aPRLCIBCG4aXKMXLU5Kg5giVVMFl+dTRahM3ovBROlIeKgW8hSvim3QQGg8FgsJ9iXlIb45MLc/rBwexY/BbmMawyLYM+NR0wIzbrFO1MRh3gde5gVzEZYBczFQ52Dcsb19aWPOBgf4N1YDXEXZqsD1kPO5/V5pvOg7oX1oFtndNSQ9y/XzKwfiyWsdtHKEtmzJECs2Ia2LmW1VHyMsRhPVkuYzW/w364yxZmyNokn8phOw6FWbKHIAm6jy0HpRTsbFYL2rJnxeTwMEPWHu70RLHNk8RMhxmydNFRSlsZ1oP7EFhfVsrYWF4F2AWsrJu0eBzMkqWNy2sptTYXTzAz1r4Yneqx4qmghXVl/B0CBoPBYH/D7nljKZhxKZ5dAAAAAElFTkSuQmCC','2025-12-22 08:35:46.887000','BOOKED',NULL,NULL,'2026-02-01 00:52:46'),(162,1029,7,1063,67,5,'iVBORw0KGgoAAAANSUhEUgAAASwAAAEsAQAAAABRBrPYAAABF0lEQVR42u3aMRLCIBCFYaxyDI4ajpojWFIFwwKBKE4sZDM6fyolX6o32V1QEz657gYGg8FgsJ9i3uTLpk+34PLCDabH0rfgIpuXyGx7A6bEnEk31y2hKT+wZQe7iOWwYNcxWfewi1gpXLlmndU32ABWm3hO7KzXw77P6iUPTKdzL2wAkyIV+7fdY5OcltdMYcOYDFCy/pSTh+kxL2ItiaX2sXY3d7BxTMrVNsvG2OZQ5qluE4eNYjGdfaB1TVhTgGmyWqlcjE2yMzbA9FgdaFNscuZk4hsEU2Tt5i41km5YsMGsPfQzh6kWps/2M47e5g6mw+rLUxo7TJE1PwbVWXaZAkyPHQ/93oYFG8n4OwQMBoPB/oY9ANtoYKwMvjmvAAAAAElFTkSuQmCC','2025-12-22 09:37:35.235000','BOOKED',NULL,NULL,'2026-02-01 00:52:46'),(163,1029,7,1063,67,15,'iVBORw0KGgoAAAANSUhEUgAAASwAAAEsAQAAAABRBrPYAAABE0lEQVR42u3aOxKDIBCAYaw8hkeVo3KElFZu5K3GjCnCMsn8FA7CZ7XDLpAY+aQ9DAwGg8FgP8UWk9q09WZZBrFpYIDpsfgmdpI1sWk/AVNi1gfGTkt9hNjBOjFxo8D6Mj8psE4sJy459GCarBbxnLhuaj3s+2zX1rhk7va9sO+zEKxYNIayn7pIXLCWrGQql23svS4ZWEOWFootJ7zQ5lP5gDVldTy/xp4zMEXmq3ZJXGYs5+wFpsdqi+MbqykMpsTqhrbmsauYwpqy/aVf/mDNeQymxtJFR2Dj/hIWps9i/c7CZy9YBxYmy+FOYKosJS4fLFfC5t79JAdrwQ6XfuFgHSJ2XjKwloy/Q8BgMBjsb9gTEZuqCEZAwkgAAAAASUVORK5CYII=','2025-12-22 09:37:35.299000','BOOKED',NULL,NULL,'2026-02-01 00:52:46'),(164,1029,7,1063,67,16,'iVBORw0KGgoAAAANSUhEUgAAASwAAAEsAQAAAABRBrPYAAABGUlEQVR42u3aQRKDIAxAUVx5DI5ajsoRumRlqhCEduy0C4nTzs/Csfp2GRJCdfJN3B0MBoPBYD/FktPw691N0iRBH0wwO1Z+SfCyKPP9C5gRC1tigk/tknMHu4hJnAV2LdteCuwiVguXPN3BLFlr4rVwfej1sPNZF0tZMp/2vbDzWU5WaRrTvp86KFywoWzSS3Q6Vmgnf0kWbCSrCyXsE16OW3wpXLCRrPYLfZ7n7C1gluypUgU373N2ghmyPcrzlcXaTWBWrG1oWx07SBZsLOuHO+0heRkd9HrYQKYHHW211ENYmD0r/XvpdrWwS5jTJt7qGMyKaeFKeshU0hbf/SUHG8H6Q78yTMRZSxjMivE5BAwGg8H+hj0Am5mWlBMaT7gAAAAASUVORK5CYII=','2025-12-22 09:37:35.363000','BOOKED',NULL,NULL,'2026-02-01 00:52:46'),(165,1029,7,1063,67,6,'iVBORw0KGgoAAAANSUhEUgAAASwAAAEsAQAAAABRBrPYAAABE0lEQVR42u3aQRKDIAxAUVh5DI+qR+UIXbIyLRBAnXbsQuO081l0LDxWGUhAnXzTHg4Gg8FgsJ9i0WkbX0+TRC+zdniYHSv/ZB5lUTauB2BGbE6BmcfYf3LsYDcxCYPA7mVpUGA3sbpxyeYJZsl6Eq8b10Guh53PVm0pS+ao7oWdz3KwStLwrZ56s3HBrmS5P7WwzeRpKsyU1Yj1fWwKzsPMWOvXheJWsYOZsZa6U7DC0M7ZEWbHemvpI9RsArNivaAtpdSyKm1hZmxzuAt1wrQvaGEXM73oEC2g+iUszJ6V/irCILA7WCpjh3a4E5gp040r6iWTTvj0Sg52Bdu8GM2DOWL7JQO7kvE5BAwGg8H+hj0BgKOSXMb3jgkAAAAASUVORK5CYII=','2025-12-22 09:37:35.440000','BOOKED',NULL,NULL,'2026-02-01 00:52:46'),(166,1029,7,1063,68,9,'iVBORw0KGgoAAAANSUhEUgAAASwAAAEsAQAAAABRBrPYAAABEElEQVR42u3aPRLCIBCG4U2VY+SocFSOYJkqKH8BMkYtXDI6L4WTmIfqG9glKv6TcRMYDAaDwX6KrZLH4jcxfp28zV9MsHEs3Xm7hCs3h6v2AWwQsyEYm8JKE0J2sEtYDQt2HQs55Qmw8cz3C+Xd/gZTYHsRX/O6eVPrYQqsG7Y8fN33wr7N1hxMjMiEW+PmLXzAhrJHA1VOFG0ln2CDWT1W7Ce8Z2HBlFip3zExifXb7f0tbBCLEZUXHSJzt3hgg1gd3QRzWuthCqxpaKXds9xp3wtTYPvhLu1ZZ2HBlNnx9Ubz/hV2ATMedj0rRVxyUwUbx+qPQbY2tMfTB0yVdUXcnYYF02T8HQIGg8Fgf8Pu+yKyeBUvWRkAAAAASUVORK5CYII=','2025-12-22 09:38:38.854000','BOOKED',NULL,NULL,'2026-02-01 00:52:46'),(167,1029,7,1063,68,10,'iVBORw0KGgoAAAANSUhEUgAAASwAAAEsAQAAAABRBrPYAAABGElEQVR42u3aQRKDIAxAUVx5DI4qR/UIXbIylQCCHTt2UeO081l0rDxXGZKAOvlkPBwMBoPBYD/FoivDr1eTxEFCuTHA7Fj+J8HLUpjvJ2BGLKTABB/bj8YOdhOTeRTYvSxNCuwmVhOX7K5glqwV8Zq4Tmo97PusG0teMmd9L+z7TIOVi8aw9VMHiQt2Jat2krqtyJX8aMnALmNrdGa362XT0HswK6b1YkwLRROXRiwNmCVLk9rQ5hCN2z47wgxZn72clo+5VhOYFWsNrbR1M8CMWb+5C/0DArNk5aCjrZZ6CAuzZ1vi2rpa2C2sFnHXNtswI1YSVyyHTOWBd6/kYFew/sVoPurTiL0uGdiVjM8hYDAYDPY37Akq4T50spm1HQAAAABJRU5ErkJggg==','2025-12-22 09:38:38.918000','BOOKED',NULL,NULL,'2026-02-01 00:52:46'),(168,1029,7,1063,68,20,'iVBORw0KGgoAAAANSUhEUgAAASwAAAEsAQAAAABRBrPYAAABCklEQVR42u3aQQ6DIBCF4XHlMTyqHNUjdMlK2gFENKF2Uca0+WfRSPlcvQBTUgmf1ENgMBgMBvsp5iXXFFaZgx+Cy18MMDuWRsFN+rSM+lRPwIyY02BcCiu9oNnBbmF7WLD7mOaUX4DZs3BcKFf7G6wDK4e4z+vm4qyHdWCHctvk+74X9m3mczAxolmH8zKu+gEzZCrGslOdulqYDXu1saIshRVzCtsWBrNiaZQnUy0Cs2ayXW/ExJphwXqyveKetV88tc56WAdWNbR1bHHdwMxY+XEXD5JmWLDO7Hy90ey4YAbssu+F2bDc0MZ1AzNl9aVfaWhlhBmywyHeDgvWk/F3CBgMBoP9DXsCS2vXYmehUGQAAAAASUVORK5CYII=','2025-12-22 09:38:38.967000','CHECKED_IN','2025-12-28 14:01:40.491000',NULL,'2026-02-01 00:52:46'),(169,1029,7,1063,68,19,'iVBORw0KGgoAAAANSUhEUgAAASwAAAEsAQAAAABRBrPYAAABFUlEQVR42u3aOw6DMAyA4TBxjBw1OWqO0JEJl7yDREUHMGr1e6go+TJFwXbAyDfxMjAYDAaD/RRbTAm7XTlZJvHlxgTTY/mfeCtrYXYcgCkxHxfG26X/pLWDPcQkzAJ7lsVBgT3E6oNLdlcwTdaTeH1wneR62PVsiDVvmbO6F3Y9S4uVk8bU6qmDBxfsThaXKG+PNpgyeZwK02J10LcOL4U72DKw21iMYEp3nWa5cm+CabKhgg1z67MXmCorkduKjYWaTWBarBe0KX+neupgsWD3st2hXxgmCEyTlYOOvlvqISxMnw1tRalqYc8wM7fmTmCqrNZT4yGsC59eycHuYOOL0dxsp6o2zAJTY3wOAYPBYLC/YW8ATHOK4nY8ewAAAABJRU5ErkJggg==','2025-12-22 09:38:39.538000','CHECKED_OUT','2025-12-28 14:02:14.699000','2025-12-28 15:56:04.480000','2026-02-01 00:52:46'),(171,1032,11,1065,NULL,213,'TKT_1032_213_74','2026-01-31 16:46:28.891021','BOOKED',NULL,NULL,'2026-02-01 00:52:46'),(179,1032,1,1065,77,220,'TKT_1032_220_77','2026-02-01 01:21:23.301810','BOOKED',NULL,NULL,'2026-02-01 01:21:23'),(189,1032,11,1065,79,212,'TKT_1032_212_79','2026-02-04 11:16:53.519825','BOOKED',NULL,NULL,'2026-02-04 11:16:53'),(193,1032,11,1065,80,216,'TKT_1032_216_80','2026-02-04 11:40:16.443139','BOOKED',NULL,NULL,'2026-02-04 11:40:16'),(197,1032,11,1065,81,215,'TKT_1032_215_81','2026-02-04 13:09:41.459111','BOOKED',NULL,NULL,'2026-02-04 13:09:41'),(199,1032,11,1065,82,214,'TKT_1032_214_82','2026-02-04 14:18:26.412546','BOOKED',NULL,NULL,'2026-02-04 14:18:26'),(200,1032,11,1066,83,251,'data:image/png;base64,iVBORw0KGgoAAAANSUhEUgAAASwAAAEsAQMAAABDsxw2AAAABlBMVEX///8AAABVwtN+AAABJ0lEQVR42uzZsY2EMBAF0I8ILqQEl7KlLaVRCiUQElj8E7YxnBYfd8GAg/+TlayXjXY8HqAoiqIoxnkxZdhO3HYyit3GpvjLAQ37joSb48lbrD7WkPTg8BUrCTfHE7FH2AJ0HmJPs/ffiiX2GNv628qm9rINilmwPBJk9vvkIGbA9oT+Rl4NymLPsdjfwhTdsEeuqRe7ka316Z0HXuvlsv6zsM0GYrex0N/GNhYrXPojGg6dP7llxCphoaZ9bHQM7LSmYkZsCWXJb5lUrI/JQcyQfdz15LwPzWJVscPeMl1GjguAtrjeFDNg+4uSYSFZKJaYLTuuwlAczMTExM4WkmkkKDw8xczY4XsWpzweM83KYjWxH3vLck3FLJmiKIqi/CvfAQAA//94t6MGM3Sq3QAAAABJRU5ErkJggg==','2026-02-04 15:06:48.481880','BOOKED',NULL,NULL,'2026-02-04 15:06:48'),(201,1032,11,1066,84,250,'data:image/png;base64,iVBORw0KGgoAAAANSUhEUgAAASwAAAEsAQMAAABDsxw2AAAABlBMVEX///8AAABVwtN+AAABNElEQVR42uzYPW6EMBAF4IdcuNwjcBSOZo7mo+wRKClWvMg/GFaBZCPF4OK9JhH7daOxxwNFURRFqZyBOR6A4wvo1y9PscvYlP7S2wV4BDanL06sPdaRfIEeHUcYop/TF7GbGGNnid3IYsuQYi2z9XwLnfXBMShWg5WRwC5wUzjffp4cxCqwt7jpo1lZ7CYWzrexj5dRiCGAjh6Go9hlLFwsqYcs03XztEs59cQuYvE+MYGkR0r5R6w5FjsrNNQwrwUOxZ2OGlCsGuMCty5hdsWi2IVsi82/9LlqYs2x3d6yiw11MjmIVWXbizLnuFhidVnZrnBbSPrH+RJGrAGWlzB5ijZnNRWryuxuPB5+2VuK/Td7W0iW8fjbdkWsAbbtLfPz/7imYjWZoiiKovwpXwEAAP//JMtUEbLtSnAAAAAASUVORK5CYII=','2026-02-04 15:34:21.537142','BOOKED',NULL,NULL,'2026-02-04 15:34:21'),(202,1032,11,1066,85,249,'data:image/png;base64,iVBORw0KGgoAAAANSUhEUgAAASwAAAEsAQMAAABDsxw2AAAABlBMVEX///8AAABVwtN+AAABO0lEQVR42uyYPY6EMAyFjSgoOUKOwtHgaByFI1BOMYpXdv7YZWbZlcYkxfsaUPJRWYkfJgAAAMCYiSMrdbyMzOTSygbtNm0PT14H2XoSuUdYmaG1p3W6qzVl+cY9wgq0KhrRDK22NniaWe43aO1q6X7TZnR9DUKz0HIkkGLt/WVygGagHeh4+UtShlZNk/ttcbkZ9az+Sv33b6CZajR6IvcMxdJ2sw2epr3/cbKgmWpSI9llaS6jvLDXlxPQamsazDY5UDGY8Sa/lvuLAwjNTJOTJREsB7NYLIZ2p5bRGlGMx9Ba1A5zy1+TAzRTrfxR5iHMq2JBs9XydCU0F52urOP7IQy0BrSU0FKKflNTaKaaBrMYCaaLuSW0T2vH+63E49N0BVoDWplbcknR55pCs9QAAACAf/EVAAD///HspSV3hGd/AAAAAElFTkSuQmCC','2026-02-04 15:49:15.557819','BOOKED',NULL,NULL,'2026-02-04 15:49:15'),(203,1032,11,1066,86,248,'data:image/png;base64,iVBORw0KGgoAAAANSUhEUgAAASwAAAEsAQMAAABDsxw2AAAABlBMVEX///8AAABVwtN+AAABMElEQVR42uzYMY6DMBAF0LEoKH0EjpKj4aNxFI5AmcLir8YYcLIb2JV2MMX/TYTzupHt8QjDMAzDGOeBnCF9NpBuXRnJLmPT8ouhnaXXj+65rPRk92MOQJRU0x5R2bJCVoU5BA+QVWXtcqqR3Zmt59u+sw6PQTILtrUE6ZY57xzIDFgRB0y/6JTJqjE930KXW4LURasfpEEgu5DpSab/plsmCsZ2zqtklzHM+y0jPgqgKz6+v+vJ6jPdR+HlVhq1uNPbziKzZR4I0mBrzHKxQHYl2/IyXSG7Iyvmli4V90NLQGbK9hdlbo9/LhaZLSumK6lY3dNh8EdDGLLqTFzZRTefakpmyta3jLYEj5O5Jdl/MykfKVt7/G26QnYDts8tD2tKZskYhmEY5k/5CgAA//8e2Jj0LRKvmgAAAABJRU5ErkJggg==','2026-02-04 15:56:56.303936','BOOKED',NULL,NULL,'2026-02-04 15:56:56'),(205,1032,11,1066,87,247,'data:image/png;base64,iVBORw0KGgoAAAANSUhEUgAAASwAAAEsAQMAAABDsxw2AAAABlBMVEX///8AAABVwtN+AAABN0lEQVR42uzYMW6EMBQE0EEuKPcIHGWPBkfjKHsESgrERN/fkE0C2Y0UGxczTSTyuq/9HhuKoiiKkjl3poxoyCkQ3fblIVaMTf6XY7sCtwXoZv/Si9XHGpIL4kwHZ/5F7BIG9DY5sStZ61tNrGa27TebKV+vQbEcbK8E7Yr+jeYgloE9xYrZG01Z7DJm+23otkqAwOhHBA5iBZm1gAVAPGUW8NGu+9YTK8TIOCNy9npM0m4r/DYssQqY/Y6GOFPbb/EMsuFOQawoS8WM1sd+GZZYAQbEYoZUj8VqZD/fLY8rgVhW9nmjbPw/x8MSy8v215UVsHrczQ3H2/kjjFgFDOkw8hYdzmYqlpVtdxmrBPcX75Zi/82eHiRtraV6fHTxFLuafXm3PJ+pWE6mKIqiKH/KRwAAAP//g1VuLSbf3m4AAAAASUVORK5CYII=','2026-02-04 16:04:50.190106','BOOKED',NULL,NULL,'2026-02-04 16:04:50'),(206,1032,22,1066,88,246,'data:image/png;base64,iVBORw0KGgoAAAANSUhEUgAAASwAAAEsAQMAAABDsxw2AAAABlBMVEX///8AAABVwtN+AAABKUlEQVR42uzZQW6DMBQE0EEssuQIOQpHI0fjKBwhSxbIU9kfQ2hC2kr9sRczm0rW6+qr9vALRVEURXFOzzUjGvIO4JpPJrGPsbv9XFlLXGc7GcTqYw3JBRwvAegYmZ2IFWHMwxIryAIGUqxqlu+3yH5xDYp5sK0SbOx9cxBzYHvyK/NDxMoxu99Si47ZZrqIfZDF+XBqiX5e67FN7dsrI+bKeoZ0QM7AEB/9CQ3H7ukaFKuBWYALebOLjhy75fUSRsyHxfttaqMM74Yl5sme3vr0t5NLs1hV7LC3vFklCKkbnK83xf6d7V+U+RdeDkvMlz2swtKwcjETq5sdWrRYEfZQCU4+PMXc2OH/WVs9zl1ZrCa27y1t93IyUzFPpiiKoih/ylcAAAD//yb4MKp0Ac0YAAAAAElFTkSuQmCC','2026-02-04 16:20:57.854035','BOOKED',NULL,NULL,'2026-02-04 16:20:57'),(207,1032,22,1066,89,245,'data:image/png;base64,iVBORw0KGgoAAAANSUhEUgAAASwAAAEsAQMAAABDsxw2AAAABlBMVEX///8AAABVwtN+AAABJUlEQVR42uzZQW6DMBCF4UFZZMkROEqPBkfjKDlClllYTDXYxrQRVJUy2Iv/bapaX1aWnTeOEEIIIc750pRZREYNIkNeecAuY8/4NzFVGV5xZYS1xzpVDaLzXXWSm7G4AqvCFpHeThasJou3Gqxllu+3crJOr0GYB9sqwX2R8WnsvDnAHFiJMTsyfwRWj8X7LbfosqcBdjGbhpCOmDFZu8HbLANzZGuGINtEqQ/pdIY1yXrNe7rki0517n+dLJgr24qZZeqPNgvmynbf9cYMv8qHYU2xn++WsRLYEbudPW/CPs3KRBnr8cFmwXzZ/nWlFLMAa5ql8R9WlcVBcq0EB4MnzI1tv2d1OpV6rOkfWEusvFvuWvT7nsI8GSGEEPKvfAcAAP//f3rIxJH9SAMAAAAASUVORK5CYII=','2026-02-04 16:32:11.321734','BOOKED',NULL,NULL,'2026-02-04 16:32:11'),(208,1032,22,1066,90,244,'data:image/png;base64,iVBORw0KGgoAAAANSUhEUgAAASwAAAEsAQMAAABDsxw2AAAABlBMVEX///8AAABVwtN+AAABMElEQVR42uzYQW6EIBgF4GdcsOQIHsWjjUfjKHMEly6MrwGUMu1I26SIi/c2Teg3K8LPEyiKoihK5Yzc49BxsiSGY+Updhmb4186swF2BYYlrjzE7sc6kivo/H/8b4Ylrog1YR059xRrygz3+SZ2X3bMN3+y+PMYFKvBUiUwGx7hZJWbg1gFlqXj9JumLNaM+fk2DakS9AzeoX/9jVhl5rvYCoxLnG98mg3jLHYpI8MC6S8Xu4Jk/Fr5dsuItWaw8eYJByreQYbk/HXAidVkcbP6owakzeK7kyVWiX0mFDPs9Vjsjix7tyxWArGqLP+iDHm/WWJ1Wfa6kp7CnC09wog1Z9iL2UnZFruEmawSjMV3S7H/Z2m+Feux2B3Yy7vl+Z6K1WSKoiiK8qd8BAAA//8J68m0iPirAQAAAABJRU5ErkJggg==','2026-02-04 16:38:33.539299','BOOKED',NULL,NULL,'2026-02-04 16:38:33'),(209,1032,22,1066,91,243,'data:image/png;base64,iVBORw0KGgoAAAANSUhEUgAAASwAAAEsAQMAAABDsxw2AAAABlBMVEX///8AAABVwtN+AAABNUlEQVR42uzYPY6DMBAF4IcoXHIEjsLRzNE4CkegpFj5rfyDlyRydleKwcV7TRz0dSPGw0BRFEVRKmdiyhL+9sR4PFnFLmNb/OViyNmfxj0+sWLtsY7kF7ggHjDu8SB2CwMwiN3MjAMGUqxldvQ3dJxjTd+2QbEaLI8ExsFuv08OYhXYKR25/WFSFruN+f42j8dl5Kdo7xf0cUoTu4RhcLBrT0x0sP66WY3LXU/sIoanwYykCwe7ijXG/GXk3yxMO2DDHWT42ujEKjMXypJrlA58aoNiNdlPjhqF8VisRXbaW3acy5ODWFX28EWJYrHE6rK8XWEs1rh3XIbyEkasAZaWMGmK7ks1FavKTPqW8SPB9HZvKfZ59rCQLI7HYi2w894yT9GvNRWryRRFURTlX/kOAAD//z/HWfM5xKCCAAAAAElFTkSuQmCC','2026-02-04 16:50:10.143309','BOOKED',NULL,NULL,'2026-02-04 16:50:10'),(210,1032,22,1066,92,242,'data:image/png;base64,iVBORw0KGgoAAAANSUhEUgAAASwAAAEsAQMAAABDsxw2AAAABlBMVEX///8AAABVwtN+AAABMUlEQVR42uzYwW2EMBAF0I984OgSKIXSoDRKoQQfOaD9kT2BEBQHRYrBK/1/2RV6t5E944GiKIqiFE7Pz0xoyACg277MYrexYL+c2heGxBb7MojVxxqSK1JNR0+iW+yL2FMMqVhiz7F4ZHhdLLEn2Xa/pZO1Xl6DYiXYPhKkLuN4NTmIFWDKOz1SQsOxS80IVlOg4QRnnUnsFgZPjh2JfgGG2G7m9oU+uNPJEivK4kNydna/wa8gaX8GsdqYNaMVQGKxB7W0PQDE7mLwNhWnjF/F4vl+EyvJ9rTcXpQQq5Md9pYx2clBrCg7vigZssUSK8v27UpsLs62K5PPL2HEKmA4TdGZmooVZcfxuP91byn2/2y/32AT2s9TtFgN7NvektmaipVkiqIoivKnfAQAAP//GL6nXRie760AAAAASUVORK5CYII=','2026-02-04 16:51:53.660101','BOOKED',NULL,NULL,'2026-02-04 16:51:53'),(211,1032,22,1065,93,221,'data:image/png;base64,iVBORw0KGgoAAAANSUhEUgAAASwAAAEsAQMAAABDsxw2AAAABlBMVEX///8AAABVwtN+AAABK0lEQVR42uzZvZGDMBDF8WUIHKoESnFpUBqlUAKhA4Z3ow+EfT7O40Cg4P8SY80v20FaLUYIIYQUzl0pozUa3GLWbSsT7DQ2x9/ANLey7hFXelh9rJG0mMabNhZXYJew1XpfOdjFzJwEq5lt+1uo6edtEFaC5ZYgs/87B1gBtsczSZ8aZdh1LO5vqYvWXtMFdiLzB4umVrFYc3qIq7Cz2F2r9VMrKR3xmqzR6H7XFFYDmxsNnV+8SUPc6KTRbX9gZzBza2jBQrEGl4v19gLCSrLnsz5sa3rsTTOsKvY0t/QJLcEaHo7Gm7AC7OVGqcNiwcqyl1FYbswWWNUsTY9hlzL/ZqWW4ODiCSvG8vesfOj/2UXDKmD73FL7jfK9prCSjBBCCPkqPwEAAP//djjHwCyWwiYAAAAASUVORK5CYII=','2026-02-04 21:48:34.382483','BOOKED',NULL,NULL,'2026-02-04 21:48:34'),(212,1032,22,1065,94,219,'data:image/png;base64,iVBORw0KGgoAAAANSUhEUgAAASwAAAEsAQMAAABDsxw2AAAABlBMVEX///8AAABVwtN+AAABJ0lEQVR42uzZQW7DIBAF0EFZsPQROApHs4/mo+QILL2w+BUwJI4ap61UKFX+3yTCL6uRx+OJMAzDMEzjeGjWeuLqyZWsGwvlE6uNItMu4rZyMpONxwyAXXJNZwDitnJCRvauzEay4Vntb2KwfKMNkrVgt5EgFStc8NXkQNaAMf/pJSUYLG4vdxZSTUUMVrlgIevGZNJ7yG9pJNgFVxvFB7KuTJ8nuaOlpwyAeP8x2UjM41DTctUCCM+WMGStWOpmOh6jfKnFWsg6shqrV5xWjWw49rC3nM8nB7Km7OGN8rxYZG3ZcbuS3yg3g3V6uYQh+2umS5jnUzRZJ6b/pOSRwL/cW5L9Prv1t7LDP5miyUZg973lYYr+XFOyloxhGIZhfpSPAAAA//+3w5hOngT19gAAAABJRU5ErkJggg==','2026-02-04 21:54:37.678519','BOOKED',NULL,NULL,'2026-02-04 21:54:37'),(213,1032,22,1065,95,218,'data:image/png;base64,iVBORw0KGgoAAAANSUhEUgAAASwAAAEsAQMAAABDsxw2AAAABlBMVEX///8AAABVwtN+AAABHUlEQVR42uzZvY2EMBAF4GcREF4JlEJpUBqlUAIhgcU7+WyM93QLOmn9E7yX7Mr6spHG4wGKoiiKkjkjQxYAEy0wnCerWDG2+V8uMJy/SAy7P5nE2mOGpAWX/gDQOeZPxKownsUSq8gOQKxxdva3/sC0dY9tUCwHiyNBZPeTg1gGdsUxkk+Dslg95vvbOUVfNbViBZm7WObBhmI5hnDdzGLF2Bg6WXxRcoXhItYk24w/GPfwBz3FCjPAkGvHn3c902L9GgnEsrLkrndtjdyvoVmsKfa6t/Qjgd/G3Kw3xT7N0hflTbHE8rJkFcZrMLNiTbOwPRarzOJ4/ObhKZaNxe9Z8dL/c4oWa4C97C3f11QsJ1MURVGUf+U7AAD//xKGdSPJLTy0AAAAAElFTkSuQmCC','2026-02-04 22:28:13.751371','BOOKED',NULL,NULL,'2026-02-04 22:28:13'),(214,1032,22,1065,96,217,'data:image/png;base64,iVBORw0KGgoAAAANSUhEUgAAASwAAAEsAQMAAABDsxw2AAAABlBMVEX///8AAABVwtN+AAABPElEQVR42uzYMY6DMBAF0I9SUHIEjsLR7KNxFI5AmQLxV8PYSVDYza60Bhf/N1Gs142wZwaKoiiKUjgDU8aW5Hwj+nwyiZ3GZv91RhL93U+CWH2sIbkYW/2kv/uJ2BUMTfqyxC5k7YogVjnL9xsaxu7zNShWgj1bglysD52D2P+zfaxYv4jYNcy+rOA19JpyQsOxO+iixYoxq0/sFwAtGZFembFb3ssoVowNViNvzIAwA+T21r9dg2IVsLlh7O1as1kml9KeqAix05gVa7r5/ZYmSjs9+rLESrFn8nbFqjb4cyNWF9vtLe0x8j8/zDJiBdjrQjJu/di2RhY7lz22K0xzPdftfhOrma15ovQTQOx8ltpjX4V1B+2xWEH2WEi+DCk2UQax6thub8nvZxmxgkxRFEVR/pSvAAAA//+k7So05Z9ADwAAAABJRU5ErkJggg==','2026-02-05 08:50:48.331528','BOOKED',NULL,NULL,'2026-02-05 08:50:48'),(215,1032,22,1065,97,231,'data:image/png;base64,iVBORw0KGgoAAAANSUhEUgAAASwAAAEsAQMAAABDsxw2AAAABlBMVEX///8AAABVwtN+AAABNElEQVR42uzYMY6DMBAF0EEuKH0EjpKj4aP5KByBMkXkvxobgqMkLCvtgIv/myjwOouZ8QjDMAzDGOeGJVE6YHaQYX0ykZ3G5vKL2Ourh8hwL09GsvZYl98i6j+fWXlCdglbvyyyC1mfRDzImmZrfZMOwf9eBsks2HMk6JOMByYHMgNWRevbgUmZ7DKm9S0MSzMK4pB9FIdAdhoTn0SGh35iSUZtN1OfctV7qW9ktkz7SS5n99JlAJSmD7LWmDaj8g1pM8o9SK+W84clDJkd0/F4cstIgOqwAtlpbMt6Rnk8JmuRve8tP08OZKasvlHuHBaZLau3K7KswqLfXcKQXc3yhPacot23MyUzZfVIcNvdW5L9P3tZSH4fj8kaYNveEtuN8v1MySwZwzAMw/wpPwEAAP//aa3pcudbCVIAAAAASUVORK5CYII=','2026-02-05 09:00:08.751163','BOOKED',NULL,NULL,'2026-02-05 09:00:08'),(216,1032,22,1065,98,230,'data:image/png;base64,iVBORw0KGgoAAAANSUhEUgAAASwAAAEsAQMAAABDsxw2AAAABlBMVEX///8AAABVwtN+AAABJElEQVR42uzZPY6DMBAF4IcoXHIEjsLR4Gg+So7gkmLFW/mH3aAFpC3GONJ7DQn5uhGeYQJFURRFMc7EEo+O5Bcw7ndeYtVYyFd6t+VP45qvs1h7LJeSPv4SemJc8x2xR1jHZYhPltiDzG2YSYq1zPbz7bemt8egmAX7GQlisdL5dj85iBkw5ZNeUkLHZdybEXoC6OjRcxGrxjDkxwjTCsyx3bzchimIVWUoxWJp8SQ3ILYbsebYUNpO7EpL+uJIBojVZOlYw59i8eTJErNjew7bFbEW2XFvGS4nBzFTdnijvC6WmC17264AZSHph7sljNjjrPzhcj5Fi1VijmkVlkaC6WZvKWbBDgvJq/FYrAn2vrfEdU3FLJmiKIqi/CvfAQAA//8hjoAG+L2/9QAAAABJRU5ErkJggg==','2026-02-05 09:04:43.856881','BOOKED',NULL,NULL,'2026-02-05 09:04:43'),(217,1032,22,1065,99,229,'data:image/png;base64,iVBORw0KGgoAAAANSUhEUgAAASwAAAEsAQMAAABDsxw2AAAABlBMVEX///8AAABVwtN+AAABMUlEQVR42uzYMY6DMBQE0EEULjkCR8nR4Gg+So5AmQJ5Vh8bZ5HibFaKwcVMEwleqi9/DYaiKIqiVM6NKR7AtAAY9yd3sdPYEn/pHTkPKzA+4pNJrD3WkVxBj26bJMZHfCJ2CbOT1Ytdyxw/GpbYlWzfbzZT/r0GxWqwXAlcSCfrfXMQq8AOmZaPurLYRcz22zzulcBmCnT06DmLncviEQvbfuPdhbz1xE5iaZOleryCZADsa0WsRTbDDpSzt/Yfa2ivZipWjcUK1pO0PjbkYfG438SqsxiX3mz1WKxFdri3BIqVQKwq+/1FifKwxOqyfLsSnldhfihfwog1wNIlTGrRfWmmYlWZC89KcOO7mYp9n+X91qUbsJctWqwFdri3ZHGmYjWZoiiKovwrPwEAAP//pQh9NXcCUycAAAAASUVORK5CYII=','2026-02-05 09:09:06.875288','BOOKED',NULL,NULL,'2026-02-05 09:09:06'),(218,1032,22,1065,100,228,'data:image/png;base64,iVBORw0KGgoAAAANSUhEUgAAASwAAAEsAQMAAABDsxw2AAAABlBMVEX///8AAABVwtN+AAABLUlEQVR42uzZQY6CQBAF0E9YsOQIHIWjydE4CkdgycLwJ0U3iNGecRKL7sX/G7XzXFUsqksoiqIoinN6xoyoOKAmuv1kEruMzeGVY7PixjvQLeHkJlYeq0jeEWrabiyciGViFrGsrCGHVqxstvc3a2kftEExD3aMBPaUmf+eHMQc2Ck2mH0QsWzM+tvQ7SOBTdHmR9TP3xFzZrGt9Ut4w6lZ0c/1611GzI89+hvDQ59cAZuTIVYim2rGmtoH8zPErmTxl0Uu4UYZi8X3/U3MhT2y12gbj8VKZK97y/cjgZgre7pRposl5suO7coKbDv8peLYppcwYgWwuD0+puhETcVcWfwnZRsJev5WU7Hvs1N/s7aWHo/FsrPz3hJtsqZinkxRFEVR/pWfAAAA//82VeE5NrDrigAAAABJRU5ErkJggg==','2026-02-05 09:18:03.694384','BOOKED',NULL,NULL,'2026-02-05 09:18:03'),(219,1032,22,1065,101,227,'data:image/png;base64,iVBORw0KGgoAAAANSUhEUgAAASwAAAEsAQMAAABDsxw2AAAABlBMVEX///8AAABVwtN+AAABPklEQVR42uzZQa6DIBAG4N+wcOkRPEqPJkfjKBzBpQvjvDBAtaateUkBF/+/6ZN8b2VmGBAMwzAMUzgPSXF9/MWYVzxZNTbHX3H9hik8jEtcmcjuxzoRWSFOH41gXOIKWQvWb8AgZG1ZqJJYMmS3Zbm/7exrGyQrwfaRIOwy5npyIPs925P3+ouQtWPa37wRkdDWcmU9ZnOeosmKspeXZUT/CLMBWU3WiR1XaEezMKm3zW9Khqw107cXTv1IZ5kPexBZSRYqa/LpHdlhhXh04t4VIFkxdtjrY6WI1/52OqSQ3YGdpmhAZwNHVpftF5L5H5bjoEBWhx0vJIc1j8dfr4XJWrNnfwubEYxYkDVgcXNRFlZAVpE9LyS79PFRD/jm08dHsobsZSTQQ02/6SWMBVktxjAMwzD/yl8AAAD//7KavX+HFhSYAAAAAElFTkSuQmCC','2026-02-05 09:31:11.209055','BOOKED',NULL,NULL,'2026-02-05 09:31:11'),(220,1032,22,1065,102,226,'data:image/png;base64,iVBORw0KGgoAAAANSUhEUgAAASwAAAEsAQMAAABDsxw2AAAABlBMVEX///8AAABVwtN+AAABHElEQVR42uzZMY6DMBSE4UEUW3IEjpKjhaNxFI6QkgJlVrYhECneaAsbin+KJCJf9xR77IgQQggpnJvXjGo8qLX67ckEq8Ye6d1jeO1s9XN6coddjzW2F3n8sYdukfo5PYGdwp7bsGCnsrth12bb+hbYo/26DMJKsFcleLG/mwOsANsTdxn7W1GGncfS+ra2aO8zXWAVmbrn/jn+shS7AawmC+vbEHYZz02sx57UeOw+LIOws5mUaphuDpvRutAFNghWi4VvpdbrWSY/U1hB9rbXp8x7aYZdih3uLRWHq36b8gSrxo4nSnXZYcHKsuPtSr6YwWCwz3f4sRJkDp6wYuz4f5ay9Rh2BfZ2b+nsTGElGSGEEPKv/AYAAP//dGts9H0018cAAAAASUVORK5CYII=','2026-02-05 09:41:42.970852','BOOKED',NULL,NULL,'2026-02-05 09:41:42'),(221,1032,22,1065,103,225,'data:image/png;base64,iVBORw0KGgoAAAANSUhEUgAAASwAAAEsAQMAAABDsxw2AAAABlBMVEX///8AAABVwtN+AAABKElEQVR42uzYMY6DMBAF0B9RuPQRfJQcDY7GUThCyhSIWQ1jO6y0TnalHXDxfwOyHtXI48FgGIZhGOfcJWfGbX8ilZWF7DT2sKfMQWSKK5CetjKS9ce0lCuspvpNetoK2VVs31lkF7KwAZGsb1b6G26/aoNkHqyOBGHD+Bg+Tg5kDuyQfMp8CtllTPvblPbDCFZT9TMGmchOY4gbRll1i9mLLGGrXY/sJIb6k5KZiB36E1l3TBfSejiVliA/NDoyT6YbCqW/IbaKRebKXtkHM+TxmKxHdri31DQnBzJX9u2PEs1ikfmyeruih8tgtytzbF/CkHXAkF9sih5aNSVzZVqsMh7f5W1Nyf6d1f4GjO3xmKwH9rq3fFtTMk/GMAzDMH/KVwAAAP//0C/IzS1uKPkAAAAASUVORK5CYII=','2026-02-05 09:46:09.796348','BOOKED',NULL,NULL,'2026-02-05 09:46:09'),(222,1032,22,1065,104,224,'data:image/png;base64,iVBORw0KGgoAAAANSUhEUgAAASwAAAEsAQMAAABDsxw2AAAABlBMVEX///8AAABVwtN+AAABGElEQVR42uzZMa6CQBjE8TEUlh7Bo3g0PRpH4QiWFIR5WdYFoyB5xbJb/KcxIb/uC98OqwghhJDMufmVVifbg3RNTzrYYewZf91Kuj8b69rHJ3dYfSyO0u15TCw+gZVi05sFK8nsx8WG1czSfgtM+2sQloPNlWDeb7+bAywDW3IepfDK7ARWjsX9llr0MtMBdjCb1ppSPY5TWzmMYNmYwoy6xq+zfpA7ndxevvYbrDxLb5ZufRjutOg8sYdgR7FwsCyVwJszhWVln2e93S+lGVYVe7u3TFdhHiU1m9ebsAzs/YsyZnVYsLzs80IyFTNY3UyClWdzJdj48IRlY/P/Wb9bNKwC5rUW/T1TWE5GCCGE/Ct/AQAA//8M+N8vznM25QAAAABJRU5ErkJggg==','2026-02-05 09:52:06.561039','BOOKED',NULL,NULL,'2026-02-05 09:52:06'),(223,1032,22,1066,105,261,'data:image/png;base64,iVBORw0KGgoAAAANSUhEUgAAASwAAAEsAQMAAABDsxw2AAAABlBMVEX///8AAABVwtN+AAABNklEQVR42uzYMY6EMAwFUEcUKTlCjsLR4GgchSNQpkD8VeLAgsQwu4Uhxf/NaMLrLDmOhWEYhmGM06FkFIchnYTtZCJ7jM36i9EDSH9C1JOerD7mACyCMf1rAQlRT8heYQ5DuwjZq8xrVyOrmW39LbU0LF/bIJkF20cCv0o/N/g2OZAZsFP6+U+zMtlLLPW3IZSRINdUxGGURkdqssdYvlw6rLm/YfJr7noXlxGZFUtfpwZA1FsGwJrn5HOxyKpgwBBSTaO+ZTBtT0uyx5h+OQxm18Uis2V7fPkSStXIqmOHveXtSEBmyk4vyvljschs2XG7kl+U0WFsb5cwZG+zsrcsU3TzqaZkpsynSaCMBN3N3pLMgu39zZUN2OUUTVYD+91bQot7XVMyS8YwDMMw/8pPAAAA//8Ch+rmJxqe1AAAAABJRU5ErkJggg==','2026-02-05 09:54:46.681209','BOOKED',NULL,NULL,'2026-02-05 09:54:46'),(226,1032,22,1066,106,260,'data:image/png;base64,iVBORw0KGgoAAAANSUhEUgAAASwAAAEsAQMAAABDsxw2AAAABlBMVEX///8AAABVwtN+AAABO0lEQVR42uzYsY2DQBQE0Fk5IKQESqG0pTRKoQRCAsSc/l/gsO+MfNItbDCT2IKXjVg+H4qiKIqSOS3X9Ajk+CCa7cogdhkb0y/7agFqEs2UrkSx8lggOSN1yhlopvRH7BYGRLG7WbUg0h8ZsWLZdr4hsKu909NjUCwH20cCK+uDyUEsA3tKHD+alcVuYna+dc32MrJOgcAeD3ZilzGbiDnYXR+PZ3CoFrTj4+XJEsvJvCx7y1jsLUMy+ShWHPP7M9ZOreCKvgeg2GUM9eK1kFM4lsXX800sJ9tjZVl8PBYrkT3tLTu8nRzEsrLvL8p1PP69LLG87Lhd8S/KKbCvT5cwYnezdXu8T9FvOhXLyrZvGRsJ2tO9pdj/s8NCMm3AfDz+sV0RK4Ad95YnnYrlZIqiKIryp3wFAAD//7toxrvEd4nxAAAAAElFTkSuQmCC','2026-02-05 10:11:55.719862','BOOKED',NULL,NULL,'2026-02-05 10:11:55'),(227,1032,22,1066,106,259,'data:image/png;base64,iVBORw0KGgoAAAANSUhEUgAAASwAAAEsAQMAAABDsxw2AAAABlBMVEX///8AAABVwtN+AAABLUlEQVR42uzYTY6DMAwFYEdZZMkRcpQejRyNo3CELFkg3ig/UJgqU400LhnpvU0l+rGyZBsLwzAMwyjngZpJREYA4vcnM9nHWCy/mBwQxEL8Up6MZP0xA2CVUtP0jl/KE7JbmNmLRXYfc6WrkfXM9v6Wh9Eq79ogmQY7VgK3yRjt282BTIEx/+kjJRoEX1cCScNIxGASi0D2cVYyrILZbbnrvQwjMjUmA56zPiQGbNmTdcmCB/JUCumdOW1o0X4bRmTqTCyApSxmtVi49jcyXXbE1X/yekzWI7veLWNzJSBTZc8vSgPEZrHIdNlxXdnKeuwXg2loH2HIOmD1CFO3aNuqKZkqO6/Hjx/vlmR/z0797bQev1xXyDpgl7slmjUl02QMwzAM86t8BQAA///4sauOsUIbdgAAAABJRU5ErkJggg==','2026-02-05 10:11:55.747419','BOOKED',NULL,NULL,'2026-02-05 10:11:55'),(228,1032,22,1066,106,258,'data:image/png;base64,iVBORw0KGgoAAAANSUhEUgAAASwAAAEsAQMAAABDsxw2AAAABlBMVEX///8AAABVwtN+AAABNUlEQVR42uzYMY6EMAwFUCMKSo7AUTgaHI2jcARKihF/ZTthGO0S7UqbkOL/ZjTMm8pyYiwMwzAMkzkjQhb72kKG+GQlK8Y2/8TSHTJtynZ/MpHVxxoAL/Ga9i+RYfcnZI+wBrN1FtmDTFsGIKuaxfNNa+qdlTwGyXKwcyQ4b5n05ECWgX1k2n41K5M9xPR8m4dwGUFrKtJgkRYzWTEmPYyJdIcNZli7Q8aNrCTzW6b1880YcNiff3ijJHuYxWtn3CX82sFajKwc09MMqxZLwpwci/XZgGR5WYy2jGYIVSOrjl32lsnJgSwre79RSqpYZHnZuV3xy8W2K0t/v4Qhq4CF7fHdFE1WhF3H4zG5tyT7f3ZZSPoGzHrn23aFrAL23lvCtsc3NSXLyRiGYRjmT/kKAAD//219fFqDp5y7AAAAAElFTkSuQmCC','2026-02-05 10:11:55.755294','BOOKED',NULL,NULL,'2026-02-05 10:11:55'),(229,1032,22,1066,106,257,'data:image/png;base64,iVBORw0KGgoAAAANSUhEUgAAASwAAAEsAQMAAABDsxw2AAAABlBMVEX///8AAABVwtN+AAABHUlEQVR42uzZPXKDMBTE8cdQuPQRfBSOBkfTUXyElBQMmxFCEvmATAohFf9tEsu/7o3EIhshhBBSOIP2ODMbJdkrrrxht7GP8FfOOsl/eM1hZYS1xzpJi8k9VhsDCyuwaqwXrDazp2BNs3i+5ZleHoOwEixVgsSumwOsAMuJW+aPwOqxcL7FFp1nusBuZH4+2x4atmOtV5raBLuVTdZL2h/xelsnB2uR+Z21LQzz/o89JPf8pb/BijGzVI/1dViC3cjSs16a/Leac2mGNcUO95adFCrBuj2Vzq43YQVYfqO8HBasLPt+FRaK2QJrmoWGBqvLVhtjJTh58YQVY4ffsw71+MdLCqwBdry39BvqZKawkowQQgj5Vz4DAAD///+vnen2VGhBAAAAAElFTkSuQmCC','2026-02-05 10:11:55.763416','BOOKED',NULL,NULL,'2026-02-05 10:11:55'),(230,1032,22,1065,107,223,'data:image/png;base64,iVBORw0KGgoAAAANSUhEUgAAASwAAAEsAQMAAABDsxw2AAAABlBMVEX///8AAABVwtN+AAABMUlEQVR42uzYvY2FMBAE4EEEhJRAKZQGpbkUSiC8ADEn/2D79N7z6aQzOJhJkKwvW7FeLxRFURSlcmaGGAALD2C6Tjax29juvzTDCYwkpi9/soi1xzqSB2jQkXtvmT8Re4wBYo+ygVz9LyPWLLv6W7yMym1QrAaLI8FwYnH9rTw5iFVgWUJ/+y1ijzHb39YpHwmsN+i5it3I4J4vgBuPD3AbTsx7/+YtI1aLYTzdfULay8Uy0r9WxBpk9qBnupW2ge4XE7uPXX+W629rXqy3/U2sCktxNUIYj8VaZNnesuOKjyOBWFWWXpRdqVhidVm2XYkLSTOWljBij7OwhIlT9IeailVltlgMI8Fc3FuK/T/7sZCM4/HLdkWsAZb2lkxT9GtNxWoyRVEURflTvgMAAP//hkAjeAo4v1cAAAAASUVORK5CYII=','2026-02-05 10:16:47.728725','BOOKED',NULL,NULL,'2026-02-05 10:16:47'),(231,1032,22,1065,107,222,'data:image/png;base64,iVBORw0KGgoAAAANSUhEUgAAASwAAAEsAQMAAABDsxw2AAAABlBMVEX///8AAABVwtN+AAABK0lEQVR42uzZPY6DMBAF4IcoUvoIHIWjkaP5KDlCSgqLt/IP4F2FoC0GXLzXRLK+VJZnxgaKoiiKYpyRJX5dGdaVl9hl7J1/6dHx6QIwzHllEmuPdSQD6B/k05EY5rwidgtbyskSu5PlqibWMlvrWzxZ6HlWBsUs2DYSPBZM78i+Tw5iBmzP2mVOInYfy/WtTNHVngaxS1msZD0xprLWE4izgftwlxEzZF1aKL0+gC909C62HLHGGOJFMm7lyNiMSqHz7s9gJmbKfg9mrtosil3Gql6/YEoNZt7/LNYUq94tyxEbuKSudPS8KWbA9pP1dbPEbFn1FJbG4zyYBbGmGUmxBtg2EhxcPMXM2PY9q3pm+XCXEWuA1e+WON5TMUumKIqiKP/KTwAAAP//3sd+qh6Q2SUAAAAASUVORK5CYII=','2026-02-05 10:16:47.766133','BOOKED',NULL,NULL,'2026-02-05 10:16:47'),(232,1032,22,1065,108,241,'data:image/png;base64,iVBORw0KGgoAAAANSUhEUgAAASwAAAEsAQMAAABDsxw2AAAABlBMVEX///8AAABVwtN+AAABOklEQVR42uzZsXHDMAwFUPBUqNQIGoWjyaNplIygMoVPPweAcmSHcS4FRBb/N7Gpl4onAqCFYRiGYYKTUbKOuyzbAJmPlQ+yy9jmf7GOAPTL/OkrC1l/LAG4O7uJMV8ha8Ek4TYBZE2ZbdZA1jU7zjc90mB7+vYYJItgbH46YKcke/hnp0zWjOmbtfge7iIy6FYmrFOliyYLZneRrMVlK1VmnSpVhiyQJeuKvTHTDyi1/uWVIeuEzbqoxeh4mmv9G1kYEz3JvD3WlqDM9fl1s8hi2SPjbv9jH/I2/NaYkbVjpy4aVoz8y5tZhiyAPV1I2ghTbibJrmTpdL7ZXI+9XozIOmLwe0sfLSuNGdkF7Fixq7CfEyVZKHtcSJ6GlOrgSdacPbUE37NM+Q2M7BLGMAzDMP/KVwAAAP//RFIf08ne9moAAAAASUVORK5CYII=','2026-02-05 10:21:57.370397','BOOKED',NULL,NULL,'2026-02-05 10:21:57'),(233,1032,22,1065,108,240,'data:image/png;base64,iVBORw0KGgoAAAANSUhEUgAAASwAAAEsAQMAAABDsxw2AAAABlBMVEX///8AAABVwtN+AAABO0lEQVR42uzZPY6DMBAF4GeloPQROApHg6NxlByBMoXFrMZjFggropXin+K9BsX6uhHMeAKGYRiGyZxBUubOnui3kydZMbbYU+ZuxSgB6F92MpK1x5yIBGPwkdkJWQ2m9dHKkdVkWiw8hKxltn3f4GTy2ozuP4NkOdg+EqwYl8fnyYHs++yQVKxPIavG9M0arYZWU3nCyez/mKLJsjH41FziK7akLkNWmon1enk5mbTdSOr155C1wODs1m9dKWwt6m0wI8vL9M3q0xJGixUHs+FaU7Kc7DfKYq/vVgzWbsjaYqcpWruS/bi9y5B9nZ0XkjoJdDobkJVlp4Vk3OGv1y5D1iazISG83yjJijC4fSTA9eJJlpUdFpL6WYuXlNnfrYXJarHjP8WTD/vpBLJSjGEYhmH+lZ8AAAD//y7oJJT7FSPzAAAAAElFTkSuQmCC','2026-02-05 10:21:57.375957','BOOKED',NULL,NULL,'2026-02-05 10:21:57'),(234,1032,22,1065,108,239,'data:image/png;base64,iVBORw0KGgoAAAANSUhEUgAAASwAAAEsAQMAAABDsxw2AAAABlBMVEX///8AAABVwtN+AAABPUlEQVR42uzYvZGDMBAF4PUQKFQJlEJpVmmUQgmEBAzvZvWD5QFzd8EaBe8lx2m+bMfiscIwDMMwxhmQM8oDQU/6cjKRfY3N6S9Gt4lIB+mXdPIka489AKwSZ6qRfkknZLcwKcMiu485IHiQNc3K/aZXGlb57Roks2B7JXCbPGf9ZV03BzIDVuUBzH9oymS3Mb3fQp8rQdCXkfpRulSpyb7EypPWY78KJrfJMHfn3zJkJkw80rCALb5l4oP695A1wOLLaOogw6KVQP9xAA6jJzNls1awLpWA4Pdh4Xi/kZmxV2Ixk1yPyVpk1d4yf/6fVwIyU/b6osz1+HxYZLas3q6UVdjoL5cwZHez2NKqFv1hpmSmzFX1eLjYW5JZsOp+C36vx4ftClkD7G1v+XmmZJaMYRiGYf6VnwAAAP//Semp36S633kAAAAASUVORK5CYII=','2026-02-05 10:21:57.381003','BOOKED',NULL,NULL,'2026-02-05 10:21:57'),(235,1032,22,1065,109,238,'data:image/png;base64,iVBORw0KGgoAAAANSUhEUgAAASwAAAEsAQMAAABDsxw2AAAABlBMVEX///8AAABVwtN+AAABP0lEQVR42uzYTW6DQAwFYCMWs+QIHCVHmzkaR+EIWXaB5lWen2RQAbVSHWbx3qYN+rKyYhsLwzAMwxjngZJFP02byFyfrGQfY8/8F4sDwgTI/JWfeLL+2ABgk1RT/xyV5Sdkt7D8D9mtzEWR/JMh65bV/iYDQhpG122QzIK9VgIXS3+73hzIDFiTAeE3mzLZbUz7W5jrMNKaql9k3H+HzJTJFMUDKB82wepi6nq7/kZmytKsXyXPeq9DH4j51VLIOmO6i4Xa3/IMckg/sf0wIrNkqb/pYqY1aoqFgzZIZsXeSTWSsh6T9ciau+Xl5kBmyt5vlCL+vFhktux1XcnDJV1Xlun8CEPWAStHmLJFj2c1JTNlWqy6EjxwWVOyf2fNQbJZj39cV8g6YO3dMr3+H9eUzJIxDMMwzJ/yHQAA//8s+tdW/SHeRgAAAABJRU5ErkJggg==','2026-02-05 10:24:39.092225','BOOKED',NULL,NULL,'2026-02-05 10:24:39'),(236,1032,22,1065,110,237,'data:image/png;base64,iVBORw0KGgoAAAANSUhEUgAAASwAAAEsAQMAAABDsxw2AAAABlBMVEX///8AAABVwtN+AAABJ0lEQVR42uzZPa6rMBDF8YMoUnoJLOUtDZbmpWQJKSkQ82QPHxEK5F7pGij+p4lwft2I8diIEEIIKZx/NiWqsi6tNPPKE3Yae/mvRUltemh6X2lh92OVmQ2y+PBKqul9BXYVe9Wwi9mo9ifFgl3I5v6WmNf0sA3CSrBlJFjY8eQAK8DWzLvMl8CuY97fpina1poOsBOZQtpchvSKjZJqkx6jFGDnstTJasuHlPSvPVVZDNv+BrsDk49huab5RJkaXQybwQxWlOUXqhn0pViwouxtr/dDilm/Ds2wW7HNvWUeCXxXOrrehP0xW0+UZl3YLRasLNtehX0czGAw2AfWzSPBzsETVowt37Omj48+Htv0ALsTe7+31H5NYSUZIYQQ8qv8DwAA//999MvQwO81SgAAAABJRU5ErkJggg==','2026-02-05 10:42:16.637954','BOOKED',NULL,NULL,'2026-02-05 10:42:16'),(237,1032,11,1066,111,256,'data:image/png;base64,iVBORw0KGgoAAAANSUhEUgAAASwAAAEsAQMAAABDsxw2AAAABlBMVEX///8AAABVwtN+AAABKElEQVR42uzZMY6DMBCF4UEpUnKEHCVHC0fzUXIEShcos7LHwUGLWa0UYxf/K3YD+TqL4dkRQgghpHLumuLC1biI3N53nrDT2Gz/1cmgqoF5u/OA9cfsW3XXlzzmi8rN2x1YI2ZPFqwls6kG65m959tVdZL4ZB2OQVgNtlaCdb4dNwdYBZYTFmtU/asow9oxm2+xRQ/pyYqXC+xUFv5eVO4+fZDYDcKwg53HBp3i+njbUepTBnXjrx0lrB8W55vOadC5cae/weqxfAiTevL+YsFqss273uJzaYZ1xTbnlqlFv+JbqXy8Cfs6yztKawKFxYLVZR+nK1MuZgusa5a2/7DGbK3HhY0nrBr7/D0r1+PdjSesMducW2pxTWE1GSGEEPKv/AQAAP//efHjoz4agf0AAAAASUVORK5CYII=','2026-02-05 11:37:56.634670','BOOKED',NULL,NULL,'2026-02-05 11:37:56'),(238,1032,11,1066,112,255,'data:image/png;base64,iVBORw0KGgoAAAANSUhEUgAAASwAAAEsAQMAAABDsxw2AAAABlBMVEX///8AAABVwtN+AAABJUlEQVR42uzZQW6DMBCF4YlYsOQIHCVHI0fzUXKELFkgXmUPxFSUokp18OJ/iyK5324k+9kxQgghpHDuWhLslr7WrytP2MfYy78K8W83mfWjrwyw+lgc5WQK7ewr/egrsEuY9IDVwLq4v8HqZev+lmba6GwbhJVg70rQzja8mtPmACvAciKLxewksOuY729ri84znWAXMLsrFrNGaWqxJ/9wGMEKstjHJPl/9bSbQre7UcLqYD7T0b1ZK4Xj0cMKMFvGku71g46GBSvL8lnvlxRpzKUZVhX7/m7plcBPpV+eN2H/zfKN0uvxwbBgZdnmdSUNay1msLrZw2BXszlXgoMbJawY2/6elevx8qAPq4pt3y3fN8r9TGElGSGEEPKnfAUAAP//rUzIbSFzQjQAAAAASUVORK5CYII=','2026-02-05 11:52:33.403152','BOOKED',NULL,NULL,'2026-02-05 11:52:33'),(239,1032,11,1066,113,254,'data:image/png;base64,iVBORw0KGgoAAAANSUhEUgAAASwAAAEsAQMAAABDsxw2AAAABlBMVEX///8AAABVwtN+AAABL0lEQVR42uzYQaq0MBAE4BIXLnOEHMWjTY6Wo8wRXLoQ6ydGIyLx58HrmTyo2gyYb9dMutNQFEVRFOOM3BPRMaAn/PHlLfYxNuVfxoEMjoSf85eXWHusI7mAMZ1wAfycv4h9i6XKiX2TDflWE2uZHffb+c96vAbFLFgZCYYVr+n/k4OYAVP+0iNl6hh8aUY9AXSM6BnEPsuwnQJwC/ge1u3WuzUjMTMGtx5dZm/65Ao4Xosl1gJLzSh4EmOaBFzqQWlCm/p7zxIzY9tJGQkeaipmyUqG/N/J47FYi+yyt2R9JBAzZeeLMrFqscRsWdmuHC/KuWN09SWMWAPsOkX3tZqKmbLUZdw+Eox8qqnY77PLQrKMx7ftilgD7NxbkqFeUzFLpiiKoig/yr8AAAD//9zCjvKb46FBAAAAAElFTkSuQmCC','2026-02-05 13:15:37.093107','BOOKED',NULL,NULL,'2026-02-05 13:15:37'),(240,1032,11,1066,114,253,'data:image/png;base64,iVBORw0KGgoAAAANSUhEUgAAASwAAAEsAQMAAABDsxw2AAAABlBMVEX///8AAABVwtN+AAABGklEQVR42uzZMY7DIBQE0EEpXHIEH2WPZo7GUXIEly4szwp/h8SrZaMtvkMxUyQRfh0yDASKoiiK4pwvHskAphnA+Bi5i13GZvtmRiC5AuNiI5NYf8yeMg9kiiTGxUbExMTEumWP9a0w3PhuGRTzYLUSDBumubC/m4OYA3tmsIfvirLY55itb7VF1zldxS5l5fPGfbKS/diAKHYtC0zjCnIJTHEF7wjMYl2y+h6V9W0+Frocf92zxJzYXsGsHtsLdUyW2NXstNeTy7M0i3XFXu4tA2mVYNu3p9b1ppgDO50oY3OyxHxZvV05TpTNYiYmJvaD1UrQOHiKubH6f9bLpl+KWRLrjp3uLdmcUzFPpiiKoij/yncAAAD//yYPxmzvO8XgAAAAAElFTkSuQmCC','2026-02-05 13:46:10.212628','BOOKED',NULL,NULL,'2026-02-05 13:46:10'),(242,1032,11,1065,115,236,'data:image/png;base64,iVBORw0KGgoAAAANSUhEUgAAASwAAAEsAQMAAABDsxw2AAAABlBMVEX///8AAABVwtN+AAABOklEQVR42uzYsZGDMBQE0PUQKFQJlEJpUBqluASFDhj2RhIIzJ25u+CDgt2EGfllfxDrD0VRFEUxTsclIx7piXY9eYpdxkJ+cnTk4CN75ZNerD4WRzkhzXSIJ+0rn4jdxBgait3KtldGrFq23m/xSuOE365BMQtWKoGb0ac367w5iBmwt/ThT11Z7CYW77ehLZWgIYAHRzS5H4hdx+Kv8RUb/AQ+3YwuNMf/MmKGDH4G0LB8ZUjOgD9868VqYGsxQxebgI/fIEcyQOxStswo3W++DIvH+03MkG1xc362y9TEqmO7vSVyi/65EoiZsrd/lOHjsMRs2X67gmUVNvrTJYzY3Sy1tF2L/jBTMVPmcitOlaA72VuKWbByvz3SWrjUY0CsNrbtLbm16O8zFbNkiqIoivKvfAUAAP//l0+Ra9DGfYMAAAAASUVORK5CYII=','2026-02-05 14:14:08.932841','BOOKED',NULL,NULL,'2026-02-05 14:14:08'),(245,1032,11,1066,116,252,'data:image/png;base64,iVBORw0KGgoAAAANSUhEUgAAASwAAAEsAQMAAABDsxw2AAAABlBMVEX///8AAABVwtN+AAABPUlEQVR42uzZQW6DMBAF0B+xYMkROIqPBkfjKByBJQvEr2bskKIG2koxZvH/oo2sl5U1tmcCRVEURcmcwJQBD/aoiPa5Mopdxqb4n4P9bUi0c1zpxO7HHiQX+J7SvtPOcUWsGLPKEivJgI4UuzV7nm812cMr6/QYFMvBtidBvaKbfn85iGVgu3TTn97KYoWYVVY3VmlPfSvrVexiZi9ib2HC/GDfLHAWJrErWUgnGZmYn29Ds7y5ZcQKs5efY/ufZgGHB51YBha4Au1im2VlZh9spUmvNLFL2Cs1va/32rGSgdjd2G5uya2jnKqT8abYx9n7jvJHAYrlZd+mK/BbJjGOYrdl3v4jXUaoxIowpF7GWDgdMot9nm2/ZxkjAe8oq6NjUKwg288tEdt/HD/MxDIwRVEURflXvgIAAP//okZ/XJQ2DoQAAAAASUVORK5CYII=','2026-02-05 16:07:50.725336','BOOKED',NULL,NULL,'2026-02-05 16:07:50'),(246,1032,11,1066,117,271,'data:image/png;base64,iVBORw0KGgoAAAANSUhEUgAAASwAAAEsAQMAAABDsxw2AAAABlBMVEX///8AAABVwtN+AAABP0lEQVR42uzZPXKDMBAF4GVcUHIEHUVHg6NxFB+B0gXDy+wusiEh9mQm+ineK0KMv25H0q4sDMMwDJM5EXvmXv+uIiG9uZMVY4s/Mfeb/xce/hzJ2mOdldLZAEh4+BuyGkw6TF4ssnqsBya5gaxllvY33dJgK+vtNkiWg71agk3GRYv1oXMg+392ihXrc8gqMV1ZY6qi7m+4S4d5uOiiyTKyvROwYi37KTMP6/dikeVmYX0NKYCd9VfFIqvNdEEFQKJ2AqmUkawoSy2YNWbPuT5ivTiDyHIyjzZmdtb3m8Tl9ltjRlaPne8t9Vv78GaWIcvATheS1o+ZJyvLDrcrsLkem+1vZC2ztL+Jv/nRRZMVYDbLpF9SriZKsozseSHpo6UNKTpRjmTNsWNLMB1nmUnISjGGYRiG+VO+AgAA//++Rs652KJrhgAAAABJRU5ErkJggg==','2026-02-05 16:45:56.056110','BOOKED',NULL,NULL,'2026-02-05 16:45:56'),(247,1032,11,1066,118,270,'data:image/png;base64,iVBORw0KGgoAAAANSUhEUgAAASwAAAEsAQMAAABDsxw2AAAABlBMVEX///8AAABVwtN+AAABM0lEQVR42uzYQY6DMAwFUCMWLDkCR+nRmqPlKD0CSxYVf2SHRI1EGI00Lln8v2nrvq6sOibCMAzDMM554EiUAcBbZMmVF9nX2JpeEaddREbIsqXKk6w/llqJaB+NpQrZLWxA0ArZnWxKU42sZ5bnm440O4yuxyCZBysrwbTLc9X5dr05kDmwjxzz7beQ3cZ0voXlWAmsp+qjjPVvyJxZfrMNCPNb8Jp2q56OQTIXJjMQykjTQx/YrQqy3pj9s1JPdSXQb3VDW0+eKMncWG4LsKXFrDSrPnLIXFmJLWZyrMdkPbLq3jJIcyUgc2XVE2W7WWS+rNyu5CfKbUCc25cwZB0wO5nKFj22ekrmyrRZeSV44LKnZP/OqgvJj/VYhKw3Vt1btntK5skYhmEY5k/5CQAA///c9KIoUmZ1wAAAAABJRU5ErkJggg==','2026-02-05 16:52:30.869822','BOOKED',NULL,NULL,'2026-02-05 16:52:30'),(248,1032,11,1066,119,269,'data:image/png;base64,iVBORw0KGgoAAAANSUhEUgAAASwAAAEsAQMAAABDsxw2AAAABlBMVEX///8AAABVwtN+AAABKElEQVR42uzZMW6EMBCF4bG2SOkj7FH2aHA0H4UjbEmBdqKxwTjJQhQpNi7+10SgL9UIz3hWCCGEkMp56JoQH28q9+3NBGvGnumvBnGq9nCf05sB1h9zqrqIhg/V0S/G0hvYRWwtFuxC9pJBVWE9s+18M/a0ZnR+DMJqsDwSZHY+OcAqsD3bJ/NLYNexdL7FKdrpuE/RC6whE799QzaYGbOqiYe1ZqN1GZ1FBmv6kzgN/luvh/XAYjOabiqP2UUfixv8u54Fq8dSc0lLGJ+LBWvJil5v93r7h3kfmmFdsS97y3WKfsUF5vF6E/bvrLxRynGxYHVZuZA8HMxgMNjbheQ6EhxcPGHVWP49y7pMMR6PsO5YubfMU/TPmsJqMkIIIeRP+QwAAP//OzyTgsCHGj4AAAAASUVORK5CYII=','2026-02-06 10:51:59.398469','BOOKED',NULL,NULL,'2026-02-06 10:51:59'),(249,1032,11,1066,120,268,'data:image/png;base64,iVBORw0KGgoAAAANSUhEUgAAASwAAAEsAQMAAABDsxw2AAAABlBMVEX///8AAABVwtN+AAABLUlEQVR42uzYwY2DMBAF0G/5wJESKIXSoDSXQgkcOSD+ypg4JBFBK+2AV/r/Esl6OVmMZwaKoiiKYpyWWwKAjiSax8kgdhkb0y9DtaAbPdFM6aQTK485kjMY4Mj4n2ZKJ2K3sC1id7JqAepY38TKZY/6Bse+nnFWBsUsWG4J8ivzvXMQM2DKfxpSRse+yY+RJwDHAM9e7DIWH5bI0E6pvnGollz1xK5huyGFiZHx0Z/FSmSOffyg2ildMIeK61Dz0b+J2TEu68HWHufL4lsZFLNkz0SWJkqIlcle95bjYecgZspeJsrjyxKzZfvtCnzaroT66xJG7G62ttS5i/ZHdypmyvYtQXuytxT7a5br21t7fDDLiN3InnvL3UT5eadilkxRFEVRfpWfAAAA//+BcMYAzfhc2AAAAABJRU5ErkJggg==','2026-02-06 10:57:49.513730','BOOKED',NULL,NULL,'2026-02-06 10:57:49'),(250,1032,11,1066,121,267,'data:image/png;base64,iVBORw0KGgoAAAANSUhEUgAAASwAAAEsAQMAAABDsxw2AAAABlBMVEX///8AAABVwtN+AAABNUlEQVR42uzYQW6DMBQE0EEsWHIEjsLRwtE4CkfwsouIqexvErcNtJXywYuZTSL0dl/+DIaiKIqiOGdkzoyGU38Hhu3JInYaC/bLuSMntMTwYU9uYvWxhuQdNlNj9kTsKpZOltiFrFtxIylWM9v223Omh2tQzIM9KkEcVoj77bg5iDmwIg0Z/tCUxS5jcb9NQ3oZwWYa/YyWk9hpDP1qmywesbjfuHQrxtB+O1liniy9ZYbii5LkCsTXDcSqYw25xAOVixmXjmnR/exvYl4snSyrBCyHxRf7TcyNPZKKGXI9FquRfbm35H5zEHNl5Rcl94cl5svK25WQLyTn/vASRuxqhvxna9E7MxVzZamY5Uow/nJvKfZuVu63sh4DYrWx570lbbivZyrmyRRFURTlX/kMAAD//7mCATIx4wSCAAAAAElFTkSuQmCC','2026-02-06 11:11:06.301900','CHECKED_OUT','2026-02-10 08:15:18.000000','2026-02-10 22:15:21.000000','2026-02-06 11:11:06'),(251,1032,11,1066,122,266,'data:image/png;base64,iVBORw0KGgoAAAANSUhEUgAAASwAAAEsAQMAAABDsxw2AAAABlBMVEX///8AAABVwtN+AAABKUlEQVR42uzZMY6DMBAF0I8oUvoIHGWPFh/NR8kRKCkQf2UGOxAtya60xi7+b4is141szzhQFEVRlML54paAjhwBDGnlIXYZG+3LkFaGyb53sfZYR3IGw80qiWGyFbEqbMGdM8RqM7hfFUusGkvnW6zp2PPTMShWguWWILP3nYNYAfbMjfRxy3yIWD1m51vuonNNZ7ELGdwCDOtiR4+ewHbdHHeWWFlGequPNWZ8oGNwL3e9WAssXkZbKWnjf/wR3A93llgxFndWLMt6vnmXiyV2Kdvf9Zbp2TSLNcVe3i3XlmAB0L993hT7Z3aYKM+LJVaW7R8kx9yYzWJNs238F6vMkFqCk8FTrBjL/2fFiXLXHnux5tjh3ZKnNRUryRRFURTlT/kOAAD//+hw5q6ov7BBAAAAAElFTkSuQmCC','2026-02-06 12:48:12.672290','REFUNDED','2026-02-10 08:11:15.000000',NULL,'2026-02-06 12:48:12'),(258,1039,11,1074,123,212,'data:image/png;base64,iVBORw0KGgoAAAANSUhEUgAAASwAAAEsAQMAAABDsxw2AAAABlBMVEX///8AAABVwtN+AAABRklEQVR42uzZPZKrMBAE4FYREHIEjsLR5KNxFI5AqIBiXs2MeDLeH+9WLUJBd7Bri8+RSqORAMMwDMNcnEly5l7/bsB4jCxk1djq/2Xud0T9MiYfiWTtsWBTKbM+WTvBmHyE7A7W78CgK4vsRnaMkDXMjvqGIA+8L4NkV7DSEuy5vr3pHMj+npVofftByO5jVt+WTkQSSmM2rd1rF012IcOw2/EFQBDRlYXcG0Syasx2mXGDlzSdI/8AshaZdgJ5KmNZUJ33B2TVmD6xS5jHsEEWBJn1UENWjZ32et1lZLH69l1jRnYTO91b6mISST6nkaweO11I2g9SGSWrxf7frgSrb7k9/vpamKwBlk+Uvhl92hKQVWD+2suYvf8iq8ieLyQHyW9SPh7/yRpgz/eW2o9ZhzatryuL7ErGMAzDML/KvwAAAP//uh5x/D/xAnMAAAAASUVORK5CYII=','2026-02-12 17:10:26.473031','CHECKED_OUT','2026-02-13 08:01:46.000000','2026-02-13 15:01:15.000000','2026-02-12 17:10:26'),(259,1039,11,1074,124,213,'data:image/png;base64,iVBORw0KGgoAAAANSUhEUgAAASwAAAEsAQMAAABDsxw2AAAABlBMVEX///8AAABVwtN+AAABOklEQVR42uzYQW6DMBAF0EFesPQRfBSOBkfjKByBZRaIX40HgtOWpJU6xFL/3yRCb2cx/owwDMMwjHM6bBmlwaBP0v5kIruMzfaLsV2lxyKSbvakJ6uPNQAWyWcKY/aHjOy/stamGlnNbJ9vehnF12OQzIPdK4HeMnPAq+ZA5sCKNMD8g6ZM9jam821I+TLSBGQ/SrBKTXYJk7hKPwVsr9gimNo1T72H+Ubmyjrot0meb8i3DIBVJC5k9TF9j4YEZC9R7yBtaPPnN4vMk1k93pcw52dK5smO5GImWz3WnixklbFibynWor9vDmSurPyixHFYILuUFduVQetxujUY47MlDNnbmb5ZR4sOZ2dK5srKetw93VuS/T27zzexrxWrx1+2K2QVsIe9JU7PlMyTMQzDMMyv8hEAAP//k078lgaj5tIAAAAASUVORK5CYII=','2026-02-12 17:22:00.945028','CHECKED_OUT','2026-02-13 08:01:34.000000','2026-02-13 14:37:59.000000','2026-02-12 17:22:00'),(262,1039,11,1074,125,214,'data:image/png;base64,iVBORw0KGgoAAAANSUhEUgAAASwAAAEsAQMAAABDsxw2AAAABlBMVEX///8AAABVwtN+AAABNklEQVR42uzYQW6FIBAG4CEuWHIEjsLR9GgcxSO4dGH4GxCw9dW+NClKk//fmNLvrSbAMMIwDMMwjeOQ40VhkgFiy8pMdhtb9i+8BhD/sOu+MpL1xxSATeDjfwCIXfcVskeYwmTIHmYaZN2zcr6lmm5vj0GyFqy2BDrIuLzvHMgaMOY/PVIWhcnmywixpiIKXgZMZLcxMXkPuXy5YNZB3DKcdhZZS5bOt3kAEC8XswmAcPyYrCcW91Fk4hDSWwZzelqedxZZU2aCjKVYI2qxTu0xWVtWo8P+tXnvXITsOfY6t/y+cyBryj6/KI+BpAHZraxOV8qLclXw5noIQ9YBk3wZlS76oqZkTVnsx0pL4H6cW5L9PfsykKzt8ct0hawDdswtkabHFzUla8kYhmEY5lf5CAAA//8qRwE8TAUZWAAAAABJRU5ErkJggg==','2026-02-12 17:46:53.050771','REFUNDED','2026-02-13 08:01:05.000000',NULL,'2026-02-12 17:46:53'),(263,1047,11,1112,126,2,'data:image/png;base64,iVBORw0KGgoAAAANSUhEUgAAASwAAAEsAQMAAABDsxw2AAAABlBMVEX///8AAABVwtN+AAABPUlEQVR42uzZMY6DMBAF0G9RUHIEjpKjwdE4So5ASWHxV2MbAhuCstIaU/zfLGu9bsR4mEBRFEVRMufBlMH+a0i0y8lT7DI2xr8c6hkdPdBO8aQTux9zJD04wJFjRbRTPBErwoDOKidWktVz6m9i92VLf7OaftEGxXKwdSSwWyb0t/PJQSwD26Ubv5qVxQox6299m0aCHhUBOA6o2ItdzMj0innwWc+h671dRmLZmJXGWPqi9CAZL32K3Y2FmoanermD7GE8erPEcjErix2Qk2P/Ktav8VgsL1tTRx/H48Z/uvXFyrHd3jJM0ccjgVhWtvuiHNdiUexStt2uIC0kh+Z0CSNWmsFtp+jqU03FsrL0S0oYCR6ne0ux/2drf3Pb8fhtuyJ2A/baW6bP/+OaiuVkiqIoivKn/AQAAP//gBiwMith5/cAAAAASUVORK5CYII=','2026-02-25 17:25:45.788942','BOOKED',NULL,NULL,'2026-02-25 17:25:45'),(264,1047,11,1112,126,3,'data:image/png;base64,iVBORw0KGgoAAAANSUhEUgAAASwAAAEsAQMAAABDsxw2AAAABlBMVEX///8AAABVwtN+AAABMElEQVR42uzZMY6DMBAF0I8otvQROMoeLTkaR+EIlBQofzUzMfESJdFKa3DxfxMJvW5ke2YCRVEURamcb94zoiNnAEP+Mokdxub4dXZNJIYlvlzE2mMdyRUcv264cAWGJb6IncQ8Yqcy5iMj1izL95udrLn/eA2K1WBbS7Cx952DWAX2SD4yHyJ2Hov7zbtolDVdxQ5kSNaPeY1slukJWG+QxA5lNpvEK2NHZgUndBzT7q0Xa4H5YzTlUuaLbtzXVKwyu8XexZcwLIoldhwr3vq46MjF3p7eD5JYU+zX3vIKbwnsiPVv1pti/87KiRJpK9ZTeyxWlRXbldeNmVhj7D7+i53NckvwYvAUq8aK/7P8z8doj7l768VaYI+9ZTFRPtdUrCZTFEVRlD/lJwAA//8Sm5HeKrvpSwAAAABJRU5ErkJggg==','2026-02-25 17:25:45.799559','BOOKED',NULL,NULL,'2026-02-25 17:25:45'),(265,1047,11,1112,126,513,'data:image/png;base64,iVBORw0KGgoAAAANSUhEUgAAASwAAAEsAQMAAABDsxw2AAAABlBMVEX///8AAABVwtN+AAABJUlEQVR42uzZvW3DMBQE4BNcqNQIGiWjSaNpFI/gUgWhC/gjmkRsJQHMn+KuIUx8rh78+EhDURRFUQrniyEbgIUGmM+du1g19vCrY8CNmHe/s4j1xwaSBtxGkvY78+53xFoxkmJt2QFMYn2zs7+N5PqHNihWgsWRYDywPCy7nhzECrBnzv72S8TaMd/fwhTtBzP30YhVZWmx7C8L4bhZxeqxUBq3rJMB7xi4TebVKSPWlsXqWb+exbUsj1hJFovl+ltaLLF67MdZT+62693y/ibWA8vfLf0UfbjZ4OJ5U+zTLLtRTrFYeD2YiRViyVOYu9f7wcyIdc6SKVqsHWMYCd5cPMWKsfh/1pCOx28unmJN2fPd8rKmYiWZoiiKovwr3wEAAP//AlPquy+RChwAAAAASUVORK5CYII=','2026-02-25 17:25:45.808290','BOOKED',NULL,NULL,'2026-02-25 17:25:45'),(266,1047,11,1112,126,512,'data:image/png;base64,iVBORw0KGgoAAAANSUhEUgAAASwAAAEsAQMAAABDsxw2AAAABlBMVEX///8AAABVwtN+AAABOElEQVR42uzZTY6rMBAE4EIsWPoIPoqPBkfjKBzBSxaR68k/WCRvyGikMfFIVRsi+HYtt9sOFEVRFKVxHEtWADNJ2OPNJnYb8/nJdYqfHoDd85tZrD82pK+5pn4k7J7fiH2K5WKJfY5N5GJIsZ7Z0d8wcDHft0GxFqyOBFMo/e395CDWgCl/6ZDiBy72UVYWRgIYuGLkInYbg8nLCK5sLtymAOfHl5Ul1pI5BpSWFtJgln4gbjcQ643FwWwbj5rGPSgeLf0XC1CsGYMpxUojwblY8yZ2G6uJh5T4TOPx65IR64E93VvienIQa8rOJ0r6WiyK3crq7UrIxbL7wNVcX8KIdcCQ21qdoi9qKtaUnUcCx3c1Fft9Vvtb/vOxjMf/3a6IdcCe7i2vayrWkimKoijKj/IvAAD//wjezvdP6T4AAAAAAElFTkSuQmCC','2026-02-25 17:25:45.815163','BOOKED',NULL,NULL,'2026-02-25 17:25:45'),(274,1047,11,1112,NULL,4,'TICKET_11_1047_4','2026-02-26 09:34:57.355208','BOOKED',NULL,NULL,'2026-02-26 09:34:57'),(275,1047,11,1111,NULL,361,'data:image/png;base64,iVBORw0KGgoAAAANSUhEUgAAASwAAAEsAQMAAABDsxw2AAAABlBMVEX///8AAABVwtN+AAABNUlEQVR42uzZMZKDMAwFUDEULn0EjpKjhaNxFI5AScHwd4QVYGdjhi2EXfxfJBP7dRpsoQjDMAzDOOcFyyAN+riIdJ+VkewxNqVvDEG3lM1p5U1WH2u23VRTXenmtEJWhIm8pxZkRVlYRSLIqmaf801reuMYJPNge0sQVnuyrjsHMgd2SgNMNzplsmJMz7e+s5YAWlP1g7SpPyB7iOmn7uqTpdfNGNZt9csxSObEtidFdzGnWwaAXvoLWYUsAn0H7D8w6qvln4OOzJthbAHMaQiTLxaZH9uzNWZi7XFccrc+WTn2e24p2ZaAzJUdb5TWHqdigexRdpqu7KOwIV4NYciKM/vDxbroNldTMlcWcLQEr4u5JZkHOw0k8+0xWRXsmFvCXi2/1pTMkzEMwzDMv/ITAAD//wqIlzS9NrqoAAAAAElFTkSuQmCC','2026-02-26 09:49:32.282092','BOOKED',NULL,NULL,'2026-02-26 09:49:32'),(277,1047,11,1111,NULL,360,'data:image/png;base64,iVBORw0KGgoAAAANSUhEUgAAASwAAAEsAQMAAABDsxw2AAAABlBMVEX///8AAABVwtN+AAABNUlEQVR42uzYMW7EIBAF0EEUlBzBR/HR7KP5KHsEl1tY/hEMJs4mOIm0GIr/m0TO61CGzwjDMAzDVM6IlEVEJmwiw/HlQXYbW/UnFgfM4bfhqV8msv6YAbCJnukamX4ha8IMZr+RtWVuF/EAWc/smG/5Mroeg2Q1WK4EbpdptfitOZBVYKcYYP1DUyZrxsJ8m4dcCSyiX8RqSyO7iaWxJuE/K1w3D7fnqUd2D4v3ib4o06UP6KX/bb6RNWc+PCQtZMx/dfhh0JFVZamCvR7WSz0mq840sZgd25XwtBSyzthpbxmKWbESkFVlny9Kc1pIepDdyvJ2BXpYw9Ng8eUlDFkHLC1hUou2pTMlq8oc4vY4VoIRV2dK9n52WkiW6zFZF+zL3hLFMyWryRiGYRjmX/kIAAD//7ZMZqnAAhDpAAAAAElFTkSuQmCC','2026-02-26 09:51:55.247150','BOOKED',NULL,NULL,'2026-02-26 09:51:55'),(278,1047,11,1111,NULL,359,'data:image/png;base64,iVBORw0KGgoAAAANSUhEUgAAASwAAAEsAQMAAABDsxw2AAAABlBMVEX///8AAABVwtN+AAABJUlEQVR42uzZvZGDMBAF4McQOLwSKMWlQWmUQgkOCRjezWoBcb6DGwf6Cd5LPJY/oh0tKxmKoiiKkjhPbhkB9CTR7SuTWDb28s8Tm32lF6uPNSQXcHyQfLXGfEWsCFuBL4oVZuQgVjnb+9tjRe8767YNiqVgx0hwsPvJQSwBi9n72z8RK8e8v4UputlGgvB1EcvIrD4DWuI5w3eWV+3tLSOWlqHh0C1+SLFfOaHhGB4Wq4yFnWXV85qGRkexAsx21jYeH8X6ow2KJWO/3vXkbA+37ztLrDw73Vt6cdFxBazKk1g2Fk+U+wNzXBXLxU5XYT8GM7Ga2TZOixVlaxyPLw6eYsnY8X+Wneuvx2OxCli8t/S7l4uaiqVkiqIoivJRvgMAAP//FxupJ4hvRW4AAAAASUVORK5CYII=','2026-02-26 09:51:55.254011','BOOKED',NULL,NULL,'2026-02-26 09:51:55'),(279,1047,11,1111,NULL,358,'data:image/png;base64,iVBORw0KGgoAAAANSUhEUgAAASwAAAEsAQMAAABDsxw2AAAABlBMVEX///8AAABVwtN+AAABJklEQVR42uzZPY6DMBQE4EEUKTnCHiVHC0fjKByBcguLWT1sg7VRQlI8m2KmWS36Ouv92IGiKIqiOOfOlAkdufTET/4yi1VjS/xbsN/45SF2PdaRDOB0W/EgjcUvYk0YSTs5saZsBYaPzlSsGcv97UaOOG+DYh5sXwmsv32wOYg5sCN5ypxErB2L/S1t0bGytn+DWHUWrMRSZSGNG85i1VjqZKQNlyGAMzpOg40csYsx5ILCdqPcGh3FKjNbzGwFSzfK/bCe+puYIytmPTlaW7PauS/9/zMVa8+Kd0vkLXoF0L983hRzYMeNMq7H6bDwXIBijqx8XcG+mAUxMbETZlMmrQQvb5RiTqz4PWvEu/VYrDk73i3fnqmYJ1MURVGUr/IXAAD//w0btRJNYOtCAAAAAElFTkSuQmCC','2026-02-26 09:51:55.259774','BOOKED',NULL,NULL,'2026-02-26 09:51:55'),(280,1047,11,1111,NULL,357,'data:image/png;base64,iVBORw0KGgoAAAANSUhEUgAAASwAAAEsAQMAAABDsxw2AAAABlBMVEX///8AAABVwtN+AAABLklEQVR42uzZPY6DMBCG4UEUW3IEjsLRskfjKByBkiJiVuOxIbuCjVL4p3i/IlGspxt5PHaEEEIIyZxJY2bpVPUpMqaVBVaMrf6ts30OqjJuvvKAtce8lDp/7b4ybr4Cq8JUv71YsIpsl4fC2mapv1lNpX/bBmE52DESWLFWY/9PDrAM7Ezqb28Cq8e8v8Up2ndW+PmEFWUSri8ybeI7S2xCG2BFmdpU3KuqMTv0F+l0Hv6e9bAWmO2spfeaHo1uHmw+gJVinlCsOCenYgmsMAs18ktK2DvT2l8VC1aXvbxbSpqiY8dbYMXYeaPcw4NkLJZcTA6wfOzXg+T9/AZrisVHGFhVtp/j8c3FE5aNHf9ndfF4v56iYQ2w13dL21A3NYXlZIQQQshH+QkAAP//usBOuLiWOTYAAAAASUVORK5CYII=','2026-02-26 09:51:55.265469','BOOKED',NULL,NULL,'2026-02-26 09:51:55'),(282,1047,11,1112,NULL,5,'data:image/png;base64,iVBORw0KGgoAAAANSUhEUgAAASwAAAEsAQMAAABDsxw2AAAABlBMVEX///8AAABVwtN+AAABJklEQVR42uzZvY3DMAwF4CekcJkRPEpGi0fTKBkhpQrBPFC0ZSF3vvMV+ineaxIInysiJK2AYRiGYSrnIVs8nCy4Ceb95EXWjL3tUzyA51tZsJMn2XjMiUiE+MkqiTnYCVk3FkHWmy33S8Ui68b2/jatl9ogWQ2WV4LMft8cyCqwI9MK6E/mj5D1Y9bfvm/Rkawh0/oscwQeYVuPrWofU4asLtvmifU3HfovOPFkYzJnYydNpbQfTCJeKw2yViz3NwlOlntRLJA1Y8Wst5cUkaAP3z5rStafFfeWmrQSrOnL2fUmWQV2vFHuD4TjlKwVy7crVqO8mJGNzHQlIOvP8kpw8uJJVo0V/2flof/Dekw2ACvvLXFeU7KajGEYhmH+la8AAAD//7RXqa+ndesNAAAAAElFTkSuQmCC','2026-02-26 10:14:15.986891','BOOKED',NULL,NULL,'2026-02-26 10:14:15'),(284,1047,11,1112,NULL,6,'data:image/png;base64,iVBORw0KGgoAAAANSUhEUgAAASwAAAEsAQMAAABDsxw2AAAABlBMVEX///8AAABVwtN+AAABI0lEQVR42uzZPW6DQBAF4IcoKH0EH4Wj4aNxFI7gkgLxInYGQ+wAiZT9Kd5roqy+bsTO7BiKoiiKEjktPT2A7lkT9/VkEEvGnvY3MNxI3Ec76cTKYxXJCeybeWV2IpaLoRbLzMjHb4ollpGt91szezM6vwbFYrDXSPBi55ODWAS2Ze0yFxHLx+x+8ynamlH4dxJLyJb6cKiJdvS3jFVNLClDFZhnAgdU7G8f95tYIcy+o4oM80HDwB4QS8VazujCeOzei/V+DYrFZLteb48Uclx6T/1eU7H87Ke9pe0BLtebYv/Hthflt2J9jMdiUdl+u4KjwUysMOZ7S7GsbPmyfCQ4eHiKRWP737NwOB6LlcC2veVpTcViMkVRFEX5U74CAAD//zD8jkD8vhWaAAAAAElFTkSuQmCC','2026-02-26 10:15:57.589651','BOOKED',NULL,NULL,'2026-02-26 10:15:57'),(287,1047,11,1112,NULL,7,'data:image/png;base64,iVBORw0KGgoAAAANSUhEUgAAASwAAAEsAQMAAABDsxw2AAAABlBMVEX///8AAABVwtN+AAABMUlEQVR42uzYMY6DMBAF0I8oXHIEjpKjwdF8lByBMoXFX40ds0YrglaKwcX/TSLrdSM844GiKIqiVM6D73gA0wJgzCdPscvYkn7pHcnIXulkEmuPdSQD6NFxHoKxdCJ2FwPE7mVuBQZSrGWW7ze70hhOr0GxGmwbCdyKael5NjmIVWBFutTrzyJ2G7P7bR63ZtQzeo8+dSaxi5hNAQGAfVnWbp5ujad/r0GxWiyHpPX6kP9wXyyxFpg1o3kkAUfOg/Wg/LQUu4zFsoxxJGB8UW5V239ZYlXZlt12xR74EGuM7faWOB4JxKqy3xdlVxaLYpeycrtixRpfHf3wcQkjdjfD+0+aovujmopVZa4Yjx8ne0uxb7PyfuPhFC3WAiv3lh9qKlaTKYqiKMq/8hMAAP//SJJZ7Ls410kAAAAASUVORK5CYII=','2026-02-26 10:28:39.235733','BOOKED',NULL,NULL,'2026-02-26 10:28:39'),(289,1047,11,1111,NULL,356,'data:image/png;base64,iVBORw0KGgoAAAANSUhEUgAAASwAAAEsAQMAAABDsxw2AAAABlBMVEX///8AAABVwtN+AAABMklEQVR42uzYPY6DMBAF4GdRuOQIHIWjhaNxlBzBJUXktzLDT6JsiLYY8ErvNXHM11m2xwNFURRFcU7PJSMCmQB068xd7DSW7JdjtI/oJpu5idXHAskHOJZ/7QPoJpsRu4TZQOxStm8ZsWrZer4hcLCddXgMinmwrSSIGbfU8FvlIObAlP/0SEmBQ7deRmVNgcARDQex0xhaWiXQT1aY8R7zduqJncuWM20e5Nm/3DJiNbByGZWdBcT1DiqD1LzfWWKOLFth9m2xxBzZnmjeyuNSJ0OsMvbUt4RV0b9XDmKu7OVFuS8WxU5lz92V+UU5BY7tYRNG7GpWdha3Krr5tKZirixmY6Uk6A/6lmIebDvflheLlcdv3RWxCtjet+TcPf6wpmKeTFEURVH+lJ8AAAD//2uEAPY4CVLCAAAAAElFTkSuQmCC','2026-02-26 11:16:45.894708','BOOKED',NULL,NULL,'2026-02-26 11:16:45'),(290,1047,11,1111,128,355,'data:image/png;base64,iVBORw0KGgoAAAANSUhEUgAAASwAAAEsAQMAAABDsxw2AAAABlBMVEX///8AAABVwtN+AAABO0lEQVR42uzYve2sMBAE8LUIHFICpVCaKY1SKIGQwPI8+QOw7nTw/sFigpnkdOiXrWyGFYZhGIZRzoiSOf3tIMP+ZCF7jK35F7MNIj0gw5afOLL3MQPAS5qpQ2L5CVkrFidH1pJZYOrvh0XWku33mxhMvZe7a5BMgx2VwAZx631zIFNgVQyw/kdTJmvG4v02Db6crNiio5+lw0T2GJM+7Ecs1mMvWGyQce0+ThaZLos3WQegvOKB4h3Z21h+GXmRcTOpmGGxAD5nSqbK0snKLSCIu5gpmSY7koqZlHoce7KQvYxVe0uTDtSP5kCmyuovSpzDAtmjrN6upB3+ZjD3l0sYstasLGGOFv1jpmSqzJZvmVgJxou9JZkGq+83HPX4a7tC9gJ27i1xflF+z5RMkzEMwzDMn/IvAAD//x/l+1nfjhYQAAAAAElFTkSuQmCC','2026-02-26 11:18:02.491023','BOOKED',NULL,NULL,'2026-02-26 11:18:02'),(291,1047,11,1111,NULL,354,'data:image/png;base64,iVBORw0KGgoAAAANSUhEUgAAASwAAAEsAQMAAABDsxw2AAAABlBMVEX///8AAABVwtN+AAABLElEQVR42uzYMY6EMAwFUCOKlDkCR+Fok6NxFI4w5RaIv3ISAmgFuyuNSYr/m9FEj8rCOBaGYRiGMc6InEk6BA/IsJ3MZI+xd/rF5IAgPWT4SicvsvZYB2CRWFO8I0snZJVYerPIKjK3ipA1zrb+pi0Ni/zWBsksWBkJ3Cqv2N/uJwcyA3ZIh/CXSZmsGtP+FobjSKB+kv78DJkx07YGyKhtzS+C2a3pdCZ7jmmx8o0yfvSBNXqy5pjOYsrKH8wO8RUD2aMs1wgI/q5YZHasJNZI8njsl6uvPlk9dthbai5HAjJTdrpR7sUC2aOsbFewLyQnf72EIWuAyWmK7q9qSmbK3GEkGHFXU7LPs9Lf0g4/j8c/titkDbB9b3lbUzJLxjAMwzD/yncAAAD//+mU24iPM65rAAAAAElFTkSuQmCC','2026-02-26 12:11:55.277953','BOOKED',NULL,NULL,'2026-02-26 12:11:55');
/*!40000 ALTER TABLE `ticket` ENABLE KEYS */;
UNLOCK TABLES;

--
-- Table structure for table `users`
--

DROP TABLE IF EXISTS `users`;
/*!40101 SET @saved_cs_client     = @@character_set_client */;
/*!50503 SET character_set_client = utf8mb4 */;
CREATE TABLE `users` (
  `user_id` int NOT NULL AUTO_INCREMENT,
  `full_name` varchar(100) COLLATE utf8mb4_unicode_ci NOT NULL,
  `email` varchar(100) COLLATE utf8mb4_unicode_ci NOT NULL,
  `phone` varchar(20) COLLATE utf8mb4_unicode_ci DEFAULT NULL,
  `password_hash` varchar(255) COLLATE utf8mb4_unicode_ci NOT NULL,
  `role` enum('ADMIN','STAFF','ORGANIZER','STUDENT') COLLATE utf8mb4_unicode_ci NOT NULL,
  `status` enum('ACTIVE','INACTIVE','BLOCKED') COLLATE utf8mb4_unicode_ci DEFAULT 'ACTIVE',
  `created_at` datetime(6) DEFAULT CURRENT_TIMESTAMP(6),
  `Wallet` decimal(18,2) DEFAULT '0.00',
  PRIMARY KEY (`user_id`),
  UNIQUE KEY `email` (`email`)
) ENGINE=InnoDB AUTO_INCREMENT=23 DEFAULT CHARSET=utf8mb4 COLLATE=utf8mb4_unicode_ci;
/*!40101 SET character_set_client = @saved_cs_client */;

--
-- Dumping data for table `users`
--

LOCK TABLES `users` WRITE;
/*!40000 ALTER TABLE `users` DISABLE KEYS */;
INSERT INTO `users` VALUES (1,'Nguyễn Văn An','an.nvse14001@fpt.edu.vn','0901000100','8d969eef6ecad3c29a3a629280e686cf0c3f5d5a86aff3ca12020c923adc6c92','STUDENT','ACTIVE','2025-12-01 09:16:32.789573',0.00),(2,'Trần Thị Bình','binh.ttse14002@fpt.edu.vn','0902000200','8d969eef6ecad3c29a3a629280e686cf0c3f5d5a86aff3ca12020c923adc6c92','STUDENT','ACTIVE','2025-12-01 09:16:32.789573',0.00),(3,'Lê Quang Huy','huy.lqclub@fpt.edu.vn','0903000300','8d969eef6ecad3c29a3a629280e686cf0c3f5d5a86aff3ca12020c923adc6c92','ORGANIZER','ACTIVE','2025-12-01 09:16:32.789573',0.00),(4,'Phạm Minh Thu','thu.pmso@fpt.edu.vn','0904000400','8d969eef6ecad3c29a3a629280e686cf0c3f5d5a86aff3ca12020c923adc6c92','STAFF','ACTIVE','2025-12-01 09:16:32.789573',0.00),(5,'Quản trị hệ thống','admin.event@fpt.edu.vn','0905000500','8d969eef6ecad3c29a3a629280e686cf0c3f5d5a86aff3ca12020c923adc6c92','ADMIN','ACTIVE','2025-12-01 09:16:32.789573',0.00),(7,'Nguyen Vo Minh Chau','nguyenvominhchau165@gmail.com','0901000123','99e5fee36796021ffed4198e0ba9a98c1e5dd44fbb597bf1a9a1b93141e31697','STUDENT','ACTIVE','2025-12-01 12:26:17.798470',200000.00),(9,'Nguyễn Võ Minh Châu','jaelynfox@muagicungre.com','0373253725','db45e60dbcd828b39ca720d7f2202a63399b4563d05030bc4295380eb5966385','STUDENT','ACTIVE','2025-12-21 20:51:56.791286',0.00),(10,'Nguyễn Võ Kim Ngân','nguyenvkngan261001@gmail.com','0923828824','99e5fee36796021ffed4198e0ba9a98c1e5dd44fbb597bf1a9a1b93141e31697','STUDENT','ACTIVE','2025-12-22 00:05:02.154083',0.00),(11,'Anh Khoi','ahkhoinguyen169@gmail.com','0331234567','b2c56341cc2b9f8bf898bd7528dd39e641b51c4fbd51f241b46ad70872dd1b99','STUDENT','ACTIVE','2026-01-28 15:29:20.974209',50000.00),(18,'Twi Trần','therealtwillight@gmail.com','0987456321','b2c56341cc2b9f8bf898bd7528dd39e641b51c4fbd51f241b46ad70872dd1b99','ORGANIZER','ACTIVE','2026-01-30 23:10:38.294863',0.00),(22,'Leon Satoru','nguyenanhkhoi169@gmail.com','0331234567','b2c56341cc2b9f8bf898bd7528dd39e641b51c4fbd51f241b46ad70872dd1b99','STUDENT','ACTIVE','2026-01-30 23:58:41.514641',0.00);
/*!40000 ALTER TABLE `users` ENABLE KEYS */;
UNLOCK TABLES;

--
-- Table structure for table `venue`
--

DROP TABLE IF EXISTS `venue`;
/*!40101 SET @saved_cs_client     = @@character_set_client */;
/*!50503 SET character_set_client = utf8mb4 */;
CREATE TABLE `venue` (
  `venue_id` int NOT NULL AUTO_INCREMENT,
  `venue_name` varchar(200) COLLATE utf8mb4_unicode_ci NOT NULL,
  `location` varchar(255) COLLATE utf8mb4_unicode_ci DEFAULT NULL,
  `status` enum('AVAILABLE','UNAVAILABLE','DELETED') CHARACTER SET utf8mb4 COLLATE utf8mb4_unicode_ci DEFAULT 'AVAILABLE',
  PRIMARY KEY (`venue_id`)
) ENGINE=InnoDB AUTO_INCREMENT=4 DEFAULT CHARSET=utf8mb4 COLLATE=utf8mb4_unicode_ci;
/*!40101 SET character_set_client = @saved_cs_client */;

--
-- Dumping data for table `venue`
--

LOCK TABLES `venue` WRITE;
/*!40000 ALTER TABLE `venue` DISABLE KEYS */;
INSERT INTO `venue` VALUES (1,'Nhà văn hóa sinh viên Đại học Quốc gia Tp HCM','Khu đô thị Đại học Quốc gia TP.HCM.','AVAILABLE'),(2,'FPT University HCM Campus','Khu Công nghệ cao, Phường Long Thạnh Mỹ, Thành Phố Thủ Đức, Tp.HCM','AVAILABLE'),(3,'FPT University (Da Nang Campus)',NULL,'DELETED');
/*!40000 ALTER TABLE `venue` ENABLE KEYS */;
UNLOCK TABLES;

--
-- Table structure for table `venue_area`
--

DROP TABLE IF EXISTS `venue_area`;
/*!40101 SET @saved_cs_client     = @@character_set_client */;
/*!50503 SET character_set_client = utf8mb4 */;
CREATE TABLE `venue_area` (
  `area_id` int NOT NULL AUTO_INCREMENT,
  `venue_id` int NOT NULL,
  `area_name` varchar(200) COLLATE utf8mb4_unicode_ci NOT NULL,
  `floor` varchar(50) COLLATE utf8mb4_unicode_ci DEFAULT NULL,
  `capacity` int NOT NULL,
  `status` enum('AVAILABLE','UNAVAILABLE') COLLATE utf8mb4_unicode_ci DEFAULT 'AVAILABLE',
  PRIMARY KEY (`area_id`),
  UNIQUE KEY `UQ_VenueArea_Venue_AreaName` (`venue_id`,`area_name`),
  CONSTRAINT `FK_VenueArea_Venue` FOREIGN KEY (`venue_id`) REFERENCES `venue` (`venue_id`) ON DELETE CASCADE,
  CONSTRAINT `venue_area_chk_1` CHECK ((`capacity` > 0))
) ENGINE=InnoDB AUTO_INCREMENT=13 DEFAULT CHARSET=utf8mb4 COLLATE=utf8mb4_unicode_ci;
/*!40101 SET character_set_client = @saved_cs_client */;

--
-- Dumping data for table `venue_area`
--

LOCK TABLES `venue_area` WRITE;
/*!40000 ALTER TABLE `venue_area` DISABLE KEYS */;
INSERT INTO `venue_area` VALUES (1,1,'Lầu 2, Hội trường nhà văn hóa sinh viên','2',200,'AVAILABLE'),(6,2,'Sảnh lầu 4, P.408','4',50,'AVAILABLE'),(7,2,'Sảnh lầu 3, P.306','3',100,'AVAILABLE'),(8,1,'Hội Trường Lớn','2',100,'AVAILABLE'),(9,2,'Phòng Sự Kiện','1',40,'AVAILABLE'),(10,1,'Lầu 3 Hội trường nhà văn hóa sinh viên','3',300,'AVAILABLE'),(11,1,'Lầu 4, Hội trường nhà văn hóa sinh viên','4',400,'AVAILABLE'),(12,1,'Lầu 5, Hội trường nhà văn hóa sinh viên','5',500,'AVAILABLE');
/*!40000 ALTER TABLE `venue_area` ENABLE KEYS */;
UNLOCK TABLES;

--
-- Dumping events for database 'fpteventmanagement'
--

--
-- Dumping routines for database 'fpteventmanagement'
--
/*!50003 DROP PROCEDURE IF EXISTS `usp_CloseExpiredEvents_CascadeAll` */;
/*!50003 SET @saved_cs_client      = @@character_set_client */ ;
/*!50003 SET @saved_cs_results     = @@character_set_results */ ;
/*!50003 SET @saved_col_connection = @@collation_connection */ ;
/*!50003 SET character_set_client  = utf8mb4 */ ;
/*!50003 SET character_set_results = utf8mb4 */ ;
/*!50003 SET collation_connection  = utf8mb4_0900_ai_ci */ ;
/*!50003 SET @saved_sql_mode       = @@sql_mode */ ;
/*!50003 SET sql_mode              = 'ONLY_FULL_GROUP_BY,STRICT_TRANS_TABLES,NO_ZERO_IN_DATE,NO_ZERO_DATE,ERROR_FOR_DIVISION_BY_ZERO,NO_ENGINE_SUBSTITUTION' */ ;
DELIMITER ;;
CREATE DEFINER=`root`@`localhost` PROCEDURE `usp_CloseExpiredEvents_CascadeAll`()
BEGIN
    DECLARE v_now DATETIME(6);
    SET v_now = NOW(6);

    -- Xóa bảng tạm nếu đã tồn tại trước khi tạo mới
    DROP TEMPORARY TABLE IF EXISTS ExpiredEvents;

    CREATE TEMPORARY TABLE ExpiredEvents AS 
    SELECT event_id FROM Event 
    WHERE status = 'OPEN' AND end_time <= v_now;

    -- Kiểm tra nếu có event hết hạn thì mới thực hiện Update
    IF (SELECT COUNT(*) FROM ExpiredEvents) > 0 THEN
        START TRANSACTION;
            -- 1) Đóng Event
            UPDATE Event e JOIN ExpiredEvents x ON e.event_id = x.event_id SET e.status = 'CLOSED';
            -- 2) Hủy vé Category
            UPDATE Category_Ticket ct JOIN ExpiredEvents x ON ct.event_id = x.event_id SET ct.status = 'INACTIVE' WHERE ct.status <> 'INACTIVE';
            -- 3) Hết hạn Ticket
            UPDATE Ticket t JOIN ExpiredEvents x ON t.event_id = x.event_id SET t.status = 'EXPIRED' WHERE t.status NOT IN ('CHECKED_IN', 'CANCELLED', 'EXPIRED');
            -- 4) Khóa Seat Layout
            UPDATE Event_Seat_Layout s JOIN ExpiredEvents x ON s.event_id = x.event_id SET s.status = 'INAVAILABLE' WHERE s.status <> 'INAVAILABLE';
        COMMIT;
    END IF;

    DROP TEMPORARY TABLE IF EXISTS ExpiredEvents;
END ;;
DELIMITER ;
/*!50003 SET sql_mode              = @saved_sql_mode */ ;
/*!50003 SET character_set_client  = @saved_cs_client */ ;
/*!50003 SET character_set_results = @saved_cs_results */ ;
/*!50003 SET collation_connection  = @saved_col_connection */ ;
/*!40103 SET TIME_ZONE=@OLD_TIME_ZONE */;

/*!40101 SET SQL_MODE=@OLD_SQL_MODE */;
/*!40014 SET FOREIGN_KEY_CHECKS=@OLD_FOREIGN_KEY_CHECKS */;
/*!40014 SET UNIQUE_CHECKS=@OLD_UNIQUE_CHECKS */;
/*!40101 SET CHARACTER_SET_CLIENT=@OLD_CHARACTER_SET_CLIENT */;
/*!40101 SET CHARACTER_SET_RESULTS=@OLD_CHARACTER_SET_RESULTS */;
/*!40101 SET COLLATION_CONNECTION=@OLD_COLLATION_CONNECTION */;
/*!40111 SET SQL_NOTES=@OLD_SQL_NOTES */;

-- Dump completed on 2026-02-26 15:30:02
